id,name,type,desc,race,card_sets,banlist_info.ban_goat,card_images,card_prices,banlist_info.ban_tcg,banlist_info.ban_ocg,archetype
5318639,Mystical Space Typhoon,Spell Card,Target 1 Spell/Trap on the field; destroy that target.,Quick-Play,"[{""set_name"":""2-Player Starter Deck: Yuya & Declan"",""set_code"":""YS15-END13"",""set_rarity"":""Common"",""set_rarity_code"":""(C)"",""set_price"":""0.00""},{""set_name"":""2-Player Starter Deck: Yuya & Declan"",""set_code"":""YS15-ENY13"",""set_rarity"":""Common"",""set_rarity_code"":""(C)"",""set_price"":""0.00""},{""set_name"":""Astral Pack Eight"",""set_code"":""AP08-EN002"",""set_rarity"":""Ultimate Rare"",""set_rarity_code"":""(UtR)"",""set_price"":""180.12""},{""set_name"":""Battle Pack: Epic Dawn"",""set_code"":""BP01-EN068"",""set_rarity"":""Common"",""set_rarity_code"":""(C)"",""set_price"":""2.04""},{""set_name"":""Battle Pack: Epic Dawn"",""set_code"":""BP01-EN068"",""set_rarity"":""Starfoil Rare"",""set_rarity_code"":""(SFR)"",""set_price"":""2""},{""set_name"":""Cyber Dragon Revolution Structure Deck"",""set_code"":""SDCR-EN026"",""set_rarity"":""Common"",""set_rarity_code"":""(C)"",""set_price"":""1.45""},{""set_name"":""Dark Beginning 1"",""set_code"":""DB1-EN031"",""set_rarity"":""Super Rare"",""set_rarity_code"":""(SR)"",""set_price"":""14.72""},{""set_name"":""Dark Legends"",""set_code"":""DLG1-EN058"",""set_rarity"":""Common"",""set_rarity_code"":""(C)"",""set_price"":""1.29""},{""set_name"":""Dark Legion Starter Deck"",""set_code"":""YS15-ENL17"",""set_rarity"":""Common"",""set_rarity_code"":""(C)"",""set_price"":""1.35""},{""set_name"":""Duel Overload"",""set_code"":""DUOV-EN086"",""set_rarity"":""Ultra Rare"",""set_rarity_code"":""(UR)"",""set_price"":""2.67""},{""set_name"":""Duel Terminal 1"",""set_code"":""DT01-EN093"",""set_rarity"":""Duel Terminal Normal Parallel Rare"",""set_rarity_code"":""(DNPR)"",""set_price"":""13.62""},{""set_name"":""Duelist League 2010 participation cards"",""set_code"":""DL09-EN014"",""set_rarity"":""Rare"",""set_rarity_code"":""(R)"",""set_price"":""9.58""},{""set_name"":""Duelist Pack: Zane Truesdale"",""set_code"":""DP04-EN015"",""set_rarity"":""Common"",""set_rarity_code"":""(C)"",""set_price"":""1.3""},{""set_name"":""Gold Series 3"",""set_code"":""GLD3-EN040"",""set_rarity"":""Gold Rare"",""set_rarity_code"":""(GUR)"",""set_price"":""5.18""},{""set_name"":""Gold Series: Haunted Mine"",""set_code"":""GLD5-EN038"",""set_rarity"":""Ghost/Gold Rare"",""set_rarity_code"":""(GGR)"",""set_price"":""140.69""},{""set_name"":""High-Speed Riders"",""set_code"":""HSRD-EN053"",""set_rarity"":""Common"",""set_rarity_code"":""(C)"",""set_price"":""1.75""},{""set_name"":""Hobby League 2 participation card B"",""set_code"":""HL2-EN002"",""set_rarity"":""Ultra Parallel Rare"",""set_rarity_code"":""(UPR)"",""set_price"":""16.91""},{""set_name"":""Legendary Collection 3: Yugi's World Mega Pack"",""set_code"":""LCYW-EN062"",""set_rarity"":""Secret Rare"",""set_rarity_code"":""(ScR)"",""set_price"":""10.06""},{""set_name"":""Legendary Collection 4: Joey's World Mega Pack"",""set_code"":""LCJW-EN285"",""set_rarity"":""Secret Rare"",""set_rarity_code"":""(ScR)"",""set_price"":""9.96""},{""set_name"":""Legendary Decks II"",""set_code"":""LDK2-ENJ32"",""set_rarity"":""Common"",""set_rarity_code"":""(C)"",""set_price"":""1.39""},{""set_name"":""Legendary Hero Decks"",""set_code"":""LEHD-ENB23"",""set_rarity"":""Common"",""set_rarity_code"":""(C)"",""set_price"":""1.8""},{""set_name"":""Magic Ruler"",""set_code"":""MRL-047"",""set_rarity"":""Ultra Rare"",""set_rarity_code"":""(UR)"",""set_price"":""23.01""},{""set_name"":""Magic Ruler"",""set_code"":""MRL-E047"",""set_rarity"":""Ultra Rare"",""set_rarity_code"":""(UR)"",""set_price"":""45.42""},{""set_name"":""Master of Pendulum Structure Deck"",""set_code"":""SDMP-EN031"",""set_rarity"":""Common"",""set_rarity_code"":""(C)"",""set_price"":""1.46""},{""set_name"":""Noble Knights of the Round Table Power-Up Pack"",""set_code"":""NKRT-EN040"",""set_rarity"":""Platinum Rare"",""set_rarity_code"":""(PIR)"",""set_price"":""9.44""},{""set_name"":""Premium Gold"",""set_code"":""PGLD-EN079"",""set_rarity"":""Gold Rare"",""set_rarity_code"":""(GUR)"",""set_price"":""4.25""},{""set_name"":""Retro Pack"",""set_code"":""RP01-EN057"",""set_rarity"":""Common"",""set_rarity_code"":""(C)"",""set_price"":""6.74""},{""set_name"":""Saber Force Starter Deck"",""set_code"":""YS15-ENF16"",""set_rarity"":""Common"",""set_rarity_code"":""(C)"",""set_price"":""1.34""},{""set_name"":""Spell Ruler"",""set_code"":""SRL-047"",""set_rarity"":""Ultra Rare"",""set_rarity_code"":""(UR)"",""set_price"":""16.73""},{""set_name"":""Spell Ruler"",""set_code"":""SRL-EN047"",""set_rarity"":""Ultra Rare"",""set_rarity_code"":""(UR)"",""set_price"":""15.91""},{""set_name"":""Starter Deck: Codebreaker"",""set_code"":""YS18-EN026"",""set_rarity"":""Common"",""set_rarity_code"":""(C)"",""set_price"":""1.34""},{""set_name"":""Starter Deck: Dawn of the Xyz"",""set_code"":""YS11-EN024"",""set_rarity"":""Common"",""set_rarity_code"":""(C)"",""set_price"":""1.29""},{""set_name"":""Starter Deck: Kaiba Reloaded"",""set_code"":""YSKR-EN032"",""set_rarity"":""Common"",""set_rarity_code"":""(C)"",""set_price"":""1.48""},{""set_name"":""Starter Deck: Link Strike"",""set_code"":""YS17-EN024"",""set_rarity"":""Common"",""set_rarity_code"":""(C)"",""set_price"":""1.42""},{""set_name"":""Starter Deck: Pegasus"",""set_code"":""SDP-032"",""set_rarity"":""Common"",""set_rarity_code"":""(C)"",""set_price"":""1.25""},{""set_name"":""Starter Deck: Xyz Symphony"",""set_code"":""YS12-EN024"",""set_rarity"":""Common"",""set_rarity_code"":""(C)"",""set_price"":""1.51""},{""set_name"":""Starter Deck: Yugi Evolution"",""set_code"":""SYE-037"",""set_rarity"":""Common"",""set_rarity_code"":""(C)"",""set_price"":""1.28""},{""set_name"":""Starter Deck: Yugi Reloaded"",""set_code"":""YSYR-EN028"",""set_rarity"":""Common"",""set_rarity_code"":""(C)"",""set_price"":""1.55""},{""set_name"":""Starter Deck: Yuya"",""set_code"":""YS16-EN025"",""set_rarity"":""Common"",""set_rarity_code"":""(C)"",""set_price"":""1.26""},{""set_name"":""Structure Deck: Blaze of Destruction"",""set_code"":""SD3-EN015"",""set_rarity"":""Common"",""set_rarity_code"":""(C)"",""set_price"":""1.36""},{""set_name"":""Structure Deck: Dinosaur's Rage"",""set_code"":""SD09-EN023"",""set_rarity"":""Common"",""set_rarity_code"":""(C)"",""set_price"":""1.33""},{""set_name"":""Structure Deck: Dragon's Roar"",""set_code"":""SD1-EN011"",""set_rarity"":""Common"",""set_rarity_code"":""(C)"",""set_price"":""1.32""},{""set_name"":""Structure Deck: Fury from the Deep"",""set_code"":""SD4-EN016"",""set_rarity"":""Common"",""set_rarity_code"":""(C)"",""set_price"":""1.35""},{""set_name"":""Structure Deck: Invincible Fortress"",""set_code"":""SD7-EN017"",""set_rarity"":""Common"",""set_rarity_code"":""(C)"",""set_price"":""1.39""},{""set_name"":""Structure Deck: Lord of the Storm"",""set_code"":""SD8-EN019"",""set_rarity"":""Common"",""set_rarity_code"":""(C)"",""set_price"":""1.57""},{""set_name"":""Structure Deck: Machine Re-Volt"",""set_code"":""SD10-EN024"",""set_rarity"":""Common"",""set_rarity_code"":""(C)"",""set_price"":""1.3""},{""set_name"":""Structure Deck: Marik (TCG)"",""set_code"":""SDMA-EN020"",""set_rarity"":""Common"",""set_rarity_code"":""(C)"",""set_price"":""1.35""},{""set_name"":""Structure Deck: Sacred Beasts"",""set_code"":""SDSA-EN033"",""set_rarity"":""Common"",""set_rarity_code"":""(C)"",""set_price"":""2.56""},{""set_name"":""Structure Deck: Spellcaster's Judgment"",""set_code"":""SD6-EN018"",""set_rarity"":""Common"",""set_rarity_code"":""(C)"",""set_price"":""1.28""},{""set_name"":""Structure Deck: Warrior's Triumph"",""set_code"":""SD5-EN020"",""set_rarity"":""Common"",""set_rarity_code"":""(C)"",""set_price"":""1.33""},{""set_name"":""Structure Deck: Zombie Madness"",""set_code"":""SD2-EN014"",""set_rarity"":""Common"",""set_rarity_code"":""(C)"",""set_price"":""1.33""},{""set_name"":""Super Starter Power-Up Pack"",""set_code"":""YS13-ENV12"",""set_rarity"":""Super Rare"",""set_rarity_code"":""(SR)"",""set_price"":""2.54""},{""set_name"":""Super Starter: Space-Time Showdown"",""set_code"":""YS14-EN024"",""set_rarity"":""Common"",""set_rarity_code"":""(C)"",""set_price"":""1.37""},{""set_name"":""The Dark Emperor Structure Deck"",""set_code"":""SDDE-EN019"",""set_rarity"":""Common"",""set_rarity_code"":""(C)"",""set_price"":""1.41""},{""set_name"":""Warriors' Strike Structure Deck"",""set_code"":""SDWS-EN023"",""set_rarity"":""Common"",""set_rarity_code"":""(C)"",""set_price"":""1.35""},{""set_name"":""Wing Raiders"",""set_code"":""WIRA-EN051"",""set_rarity"":""Common"",""set_rarity_code"":""(C)"",""set_price"":""1.43""}]",Limited,"[{""id"":5318639,""image_url"":""https://storage.googleapis.com/ygoprodeck.com/pics/5318639.jpg"",""image_url_small"":""https://storage.googleapis.com/ygoprodeck.com/pics_small/5318639.jpg""}]","[{""cardmarket_price"":""0.04"",""tcgplayer_price"":""0.35"",""ebay_price"":""1.99"",""amazon_price"":""1.49"",""coolstuffinc_price"":""0.39""}]",undefined,undefined,undefined
70046172,Rush Recklessly,Spell Card,Target 1 face-up monster on the field; it gains 700 ATK until the end of this turn.,Quick-Play,"[{""set_name"":""2-Player Starter Deck: Yuya & Declan"",""set_code"":""YS15-ENY14"",""set_rarity"":""Common"",""set_rarity_code"":""(C)"",""set_price"":""3.95""},{""set_name"":""Battle Pack 2: War of the Giants"",""set_code"":""BP02-EN133"",""set_rarity"":""Common"",""set_rarity_code"":""(C)"",""set_price"":""1.16""},{""set_name"":""Battle Pack 2: War of the Giants"",""set_code"":""BP02-EN133"",""set_rarity"":""Mosaic Rare"",""set_rarity_code"":""(MSR)"",""set_price"":""0.98""},{""set_name"":""Battle Pack 3: Monster League"",""set_code"":""BP03-EN134"",""set_rarity"":""Common"",""set_rarity_code"":""(C)"",""set_price"":""1.16""},{""set_name"":""Battle Pack 3: Monster League"",""set_code"":""BP03-EN134"",""set_rarity"":""Shatterfoil Rare"",""set_rarity_code"":""(SHR)"",""set_price"":""1.16""},{""set_name"":""Champion Pack: Game Two"",""set_code"":""CP02-EN013"",""set_rarity"":""Common"",""set_rarity_code"":""(C)"",""set_price"":""1.2""},{""set_name"":""Dark Beginning 1"",""set_code"":""DB1-EN027"",""set_rarity"":""Common"",""set_rarity_code"":""(C)"",""set_price"":""1.1""},{""set_name"":""Dark Legion Starter Deck"",""set_code"":""YS15-ENL18"",""set_rarity"":""Common"",""set_rarity_code"":""(C)"",""set_price"":""1.05""},{""set_name"":""Duel Terminal 3"",""set_code"":""DT03-EN041"",""set_rarity"":""Duel Terminal Normal Parallel Rare"",""set_rarity_code"":""(DNPR)"",""set_price"":""2.41""},{""set_name"":""Magic Ruler"",""set_code"":""MRL-043"",""set_rarity"":""Rare"",""set_rarity_code"":""(R)"",""set_price"":""1.06""},{""set_name"":""Magic Ruler"",""set_code"":""MRL-E043"",""set_rarity"":""Rare"",""set_rarity_code"":""(R)"",""set_price"":""6.18""},{""set_name"":""Saber Force Starter Deck"",""set_code"":""YS15-ENF17"",""set_rarity"":""Common"",""set_rarity_code"":""(C)"",""set_price"":""1.08""},{""set_name"":""Spell Ruler"",""set_code"":""SRL-043"",""set_rarity"":""Rare"",""set_rarity_code"":""(R)"",""set_price"":""1.31""},{""set_name"":""Spell Ruler"",""set_code"":""SRL-EN043"",""set_rarity"":""Rare"",""set_rarity_code"":""(R)"",""set_price"":""4.4""},{""set_name"":""Starter Deck: Jaden Yuki"",""set_code"":""YSDJ-EN021"",""set_rarity"":""Common"",""set_rarity_code"":""(C)"",""set_price"":""1.15""},{""set_name"":""Starter Deck: Kaiba Evolution"",""set_code"":""SKE-036"",""set_rarity"":""Common"",""set_rarity_code"":""(C)"",""set_price"":""0.97""},{""set_name"":""Starter Deck: Kaiba Reloaded"",""set_code"":""YSKR-EN031"",""set_rarity"":""Common"",""set_rarity_code"":""(C)"",""set_price"":""1.1""},{""set_name"":""Starter Deck: Pegasus"",""set_code"":""SDP-033"",""set_rarity"":""Common"",""set_rarity_code"":""(C)"",""set_price"":""0.97""},{""set_name"":""Starter Deck: Syrus Truesdale"",""set_code"":""YSDS-EN022"",""set_rarity"":""Common"",""set_rarity_code"":""(C)"",""set_price"":""1.18""},{""set_name"":""Starter Deck: Yu-Gi-Oh! 5D's"",""set_code"":""5DS1-EN025"",""set_rarity"":""Common"",""set_rarity_code"":""(C)"",""set_price"":""1.02""},{""set_name"":""Starter Deck: Yu-Gi-Oh! 5D's 2009"",""set_code"":""5DS2-EN022"",""set_rarity"":""Common"",""set_rarity_code"":""(C)"",""set_price"":""1.13""},{""set_name"":""Tournament Pack 4"",""set_code"":""TP4-010"",""set_rarity"":""Common"",""set_rarity_code"":""(C)"",""set_price"":""1.19""}]",null,"[{""id"":70046172,""image_url"":""https://storage.googleapis.com/ygoprodeck.com/pics/70046172.jpg"",""image_url_small"":""https://storage.googleapis.com/ygoprodeck.com/pics_small/70046172.jpg""}]","[{""cardmarket_price"":""0.04"",""tcgplayer_price"":""0.08"",""ebay_price"":""1.00"",""amazon_price"":""1.05"",""coolstuffinc_price"":""0.25""}]",null,null,undefined
43641473,Tailor of the Fickle,Spell Card,Switch 1 Equip Card equipped to a monster to another correct target.,Quick-Play,"[{""set_name"":""Dark Beginning 1"",""set_code"":""DB1-EN026"",""set_rarity"":""Common"",""set_rarity_code"":""(C)"",""set_price"":""1.1""},{""set_name"":""Magic Ruler"",""set_code"":""MRL-042"",""set_rarity"":""Short Print"",""set_rarity_code"":""(SP)"",""set_price"":""1.43""},{""set_name"":""Magic Ruler"",""set_code"":""MRL-E042"",""set_rarity"":""Short Print"",""set_rarity_code"":""(SP)"",""set_price"":""7.37""},{""set_name"":""Spell Ruler"",""set_code"":""SRL-042"",""set_rarity"":""Short Print"",""set_rarity_code"":""(SP)"",""set_price"":""1.19""},{""set_name"":""Spell Ruler"",""set_code"":""SRL-EN042"",""set_rarity"":""Short Print"",""set_rarity_code"":""(SP)"",""set_price"":""1.08""}]",null,"[{""id"":43641473,""image_url"":""https://storage.googleapis.com/ygoprodeck.com/pics/43641473.jpg"",""image_url_small"":""https://storage.googleapis.com/ygoprodeck.com/pics_small/43641473.jpg""}]","[{""cardmarket_price"":""0.10"",""tcgplayer_price"":""0.22"",""ebay_price"":""1.12"",""amazon_price"":""0.69"",""coolstuffinc_price"":""0.25""}]",null,null,undefined
16430187,The Reliable Guardian,Spell Card,Increase 1 face-up monster's DEF by 700 points until the end of this turn.,Quick-Play,"[{""set_name"":""Dark Beginning 1"",""set_code"":""DB1-EN028"",""set_rarity"":""Common"",""set_rarity_code"":""(C)"",""set_price"":""1.15""},{""set_name"":""Magic Ruler"",""set_code"":""MRL-044"",""set_rarity"":""Common"",""set_rarity_code"":""(C)"",""set_price"":""0.94""},{""set_name"":""Magic Ruler"",""set_code"":""MRL-E044"",""set_rarity"":""Common"",""set_rarity_code"":""(C)"",""set_price"":""8.46""},{""set_name"":""Spell Ruler"",""set_code"":""SRL-044"",""set_rarity"":""Common"",""set_rarity_code"":""(C)"",""set_price"":""1.2""},{""set_name"":""Spell Ruler"",""set_code"":""SRL-EN044"",""set_rarity"":""Common"",""set_rarity_code"":""(C)"",""set_price"":""1.74""},{""set_name"":""Starter Deck: Joey"",""set_code"":""SDJ-033"",""set_rarity"":""Common"",""set_rarity_code"":""(C)"",""set_price"":""0.98""},{""set_name"":""Starter Deck: Yugi Evolution"",""set_code"":""SYE-034"",""set_rarity"":""Common"",""set_rarity_code"":""(C)"",""set_price"":""0.98""}]",null,"[{""id"":16430187,""image_url"":""https://storage.googleapis.com/ygoprodeck.com/pics/16430187.jpg"",""image_url_small"":""https://storage.googleapis.com/ygoprodeck.com/pics_small/16430187.jpg""}]","[{""cardmarket_price"":""0.06"",""tcgplayer_price"":""0.13"",""ebay_price"":""0.99"",""amazon_price"":""0.20"",""coolstuffinc_price"":""0.25""}]",null,null,undefined
74137509,Graceful Dice,Spell Card,"Roll a six-sided die. All monsters you currently control gain ATK/DEF equal to the result x 100, until the end of this turn.",Quick-Play,"[{""set_name"":""Gold Series 4: Pyramids Edition"",""set_code"":""GLD4-EN037"",""set_rarity"":""Common"",""set_rarity_code"":""(C)"",""set_price"":""5.14""},{""set_name"":""Legendary Collection 4: Joey's World Mega Pack"",""set_code"":""LCJW-EN065"",""set_rarity"":""Common"",""set_rarity_code"":""(C)"",""set_price"":""6.07""},{""set_name"":""Speed Duel Starter Decks: Duelists of Tomorrow"",""set_code"":""SS02-ENB16"",""set_rarity"":""Common"",""set_rarity_code"":""(C)"",""set_price"":""5.19""},{""set_name"":""Yu-Gi-Oh! The Eternal Duelist Soul promotional cards"",""set_code"":""EDS-002"",""set_rarity"":""Prismatic Secret Rare"",""set_rarity_code"":""(PScR)"",""set_price"":""14.23""},{""set_name"":""Yu-Gi-Oh! The Sacred Cards promotional cards"",""set_code"":""TSC-E002"",""set_rarity"":""Prismatic Secret Rare"",""set_rarity_code"":""(PScR)"",""set_price"":""21.31""}]",null,"[{""id"":74137509,""image_url"":""https://storage.googleapis.com/ygoprodeck.com/pics/74137509.jpg"",""image_url_small"":""https://storage.googleapis.com/ygoprodeck.com/pics_small/74137509.jpg""}]","[{""cardmarket_price"":""0.19"",""tcgplayer_price"":""1.44"",""ebay_price"":""7.49"",""amazon_price"":""19.43"",""coolstuffinc_price"":""1.99""}]",null,null,undefined
23171610,Limiter Removal,Spell Card,"Double the ATK of all Machine monsters you currently control, until the end of this turn. During the End Phase of this turn, destroy those monsters.",Quick-Play,"[{""set_name"":""Champion Pack: Game One"",""set_code"":""CP01-EN007"",""set_rarity"":""Rare"",""set_rarity_code"":""(R)"",""set_price"":""2.79""},{""set_name"":""Cyber Dragon Revolution Structure Deck"",""set_code"":""SDCR-EN023"",""set_rarity"":""Common"",""set_rarity_code"":""(C)"",""set_price"":""1.46""},{""set_name"":""Dark Beginning 1"",""set_code"":""DB1-EN179"",""set_rarity"":""Rare"",""set_rarity_code"":""(R)"",""set_price"":""2.52""},{""set_name"":""Duel Terminal 4"",""set_code"":""DT04-EN045"",""set_rarity"":""Duel Terminal Normal Parallel Rare"",""set_rarity_code"":""(DNPR)"",""set_price"":""8.72""},{""set_name"":""Duelist League 16 participation cards"",""set_code"":""DL16-EN013"",""set_rarity"":""Rare"",""set_rarity_code"":""(R)"",""set_price"":""5.64""},{""set_name"":""Duelist Pack: Zane Truesdale"",""set_code"":""DP04-EN016"",""set_rarity"":""Common"",""set_rarity_code"":""(C)"",""set_price"":""1.26""},{""set_name"":""Geargia Rampage Structure Deck"",""set_code"":""SDGR-EN022"",""set_rarity"":""Common"",""set_rarity_code"":""(C)"",""set_price"":""1.4""},{""set_name"":""Hobby League 6 participation card B"",""set_code"":""HL06-EN002"",""set_rarity"":""Ultra Parallel Rare"",""set_rarity_code"":""(UPR)"",""set_price"":""29.78""},{""set_name"":""Legendary Collection 3: Yugi's World Mega Pack"",""set_code"":""LCYW-EN172"",""set_rarity"":""Ultra Rare"",""set_rarity_code"":""(UR)"",""set_price"":""6.87""},{""set_name"":""Legendary Dragon Decks"",""set_code"":""LEDD-ENB18"",""set_rarity"":""Common"",""set_rarity_code"":""(C)"",""set_price"":""1.4""},{""set_name"":""Legendary Duelists: Ancient Millennium"",""set_code"":""LED2-EN049"",""set_rarity"":""Common"",""set_rarity_code"":""(C)"",""set_price"":""1.23""},{""set_name"":""Machine Reactor Structure Deck"",""set_code"":""SR03-EN028"",""set_rarity"":""Common"",""set_rarity_code"":""(C)"",""set_price"":""1.29""},{""set_name"":""OTS Tournament Pack 11"",""set_code"":""OP11-EN017"",""set_rarity"":""Common"",""set_rarity_code"":""(C)"",""set_price"":""1.35""},{""set_name"":""OTS Tournament Pack 11 (POR)"",""set_code"":""OP11-PT017"",""set_rarity"":""Common"",""set_rarity_code"":""(C)"",""set_price"":""0.00""},{""set_name"":""Pharaoh's Servant"",""set_code"":""PSV-064"",""set_rarity"":""Super Rare"",""set_rarity_code"":""(SR)"",""set_price"":""4.99""},{""set_name"":""Pharaoh's Servant"",""set_code"":""PSV-E064"",""set_rarity"":""Super Rare"",""set_rarity_code"":""(SR)"",""set_price"":""27.3""},{""set_name"":""Pharaoh's Servant"",""set_code"":""PSV-EN064"",""set_rarity"":""Super Rare"",""set_rarity_code"":""(SR)"",""set_price"":""0.00""},{""set_name"":""Retro Pack 2"",""set_code"":""RP02-EN015"",""set_rarity"":""Super Rare"",""set_rarity_code"":""(SR)"",""set_price"":""19.38""},{""set_name"":""Structure Deck: Machine Re-Volt"",""set_code"":""SD10-EN025"",""set_rarity"":""Common"",""set_rarity_code"":""(C)"",""set_price"":""1.26""},{""set_name"":""Structure Deck: Mechanized Madness"",""set_code"":""SR10-EN029"",""set_rarity"":""Common"",""set_rarity_code"":""(C)"",""set_price"":""1.21""},{""set_name"":""Structure Deck: Seto Kaiba"",""set_code"":""SDKS-EN028"",""set_rarity"":""Common"",""set_rarity_code"":""(C)"",""set_price"":""1.43""}]",null,"[{""id"":23171610,""image_url"":""https://storage.googleapis.com/ygoprodeck.com/pics/23171610.jpg"",""image_url_small"":""https://storage.googleapis.com/ygoprodeck.com/pics_small/23171610.jpg""}]","[{""cardmarket_price"":""0.09"",""tcgplayer_price"":""0.29"",""ebay_price"":""4.74"",""amazon_price"":""8.95"",""coolstuffinc_price"":""0.39""}]",null,null,undefined
93108433,Monster Recovery,Spell Card,"Target 1 monster you control that is owned by you; if that monster is still on the field, shuffle it and your entire hand into the Deck, also, after that, draw cards equal to the number of cards you shuffled from your hand into the Deck by this effect. (You cannot activate this card if you have a card in your hand that is owned by your opponent.)",Quick-Play,"[{""set_name"":""Dark Beginning 1"",""set_code"":""DB1-EN181"",""set_rarity"":""Common"",""set_rarity_code"":""(C)"",""set_price"":""1.09""},{""set_name"":""Pharaoh's Servant"",""set_code"":""PSV-066"",""set_rarity"":""Rare"",""set_rarity_code"":""(R)"",""set_price"":""1.06""},{""set_name"":""Pharaoh's Servant"",""set_code"":""PSV-E066"",""set_rarity"":""Rare"",""set_rarity_code"":""(R)"",""set_price"":""5.98""},{""set_name"":""Pharaoh's Servant"",""set_code"":""PSV-EN066"",""set_rarity"":""Rare"",""set_rarity_code"":""(R)"",""set_price"":""200.71""},{""set_name"":""Yugi's Legendary Decks"",""set_code"":""YGLD-ENA27"",""set_rarity"":""Common"",""set_rarity_code"":""(C)"",""set_price"":""0.97""},{""set_name"":""Yugi's Legendary Decks"",""set_code"":""YGLD-ENB29"",""set_rarity"":""Common"",""set_rarity_code"":""(C)"",""set_price"":""0.96""}]",null,"[{""id"":93108433,""image_url"":""https://storage.googleapis.com/ygoprodeck.com/pics/93108433.jpg"",""image_url_small"":""https://storage.googleapis.com/ygoprodeck.com/pics_small/93108433.jpg""}]","[{""cardmarket_price"":""0.07"",""tcgplayer_price"":""0.09"",""ebay_price"":""3.99"",""amazon_price"":""0.25"",""coolstuffinc_price"":""0.25""}]",null,null,undefined
95286165,De-Fusion,Spell Card,"Target 1 Fusion Monster on the field; return that target to the Extra Deck, then, if all the Fusion Materials that were used for its Fusion Summon are in your GY, you can Special Summon all of them.",Quick-Play,"[{""set_name"":""Dark Beginning 2"",""set_code"":""DB2-EN029"",""set_rarity"":""Common"",""set_rarity_code"":""(C)"",""set_price"":""1.32""},{""set_name"":""Duel Terminal 4"",""set_code"":""DT04-EN094"",""set_rarity"":""Duel Terminal Normal Parallel Rare"",""set_rarity_code"":""(DNPR)"",""set_price"":""12.66""},{""set_name"":""Duelist Pack: Zane Truesdale"",""set_code"":""DP04-EN017"",""set_rarity"":""Common"",""set_rarity_code"":""(C)"",""set_price"":""1.26""},{""set_name"":""Labyrinth of Nightmare"",""set_code"":""LON-097"",""set_rarity"":""Super Rare"",""set_rarity_code"":""(SR)"",""set_price"":""3.97""},{""set_name"":""Labyrinth of Nightmare"",""set_code"":""LON-E097"",""set_rarity"":""Super Rare"",""set_rarity_code"":""(SR)"",""set_price"":""18.96""},{""set_name"":""Labyrinth of Nightmare"",""set_code"":""LON-EN097"",""set_rarity"":""Super Rare"",""set_rarity_code"":""(SR)"",""set_price"":""0.00""},{""set_name"":""Legendary Collection 3: Yugi's World Mega Pack"",""set_code"":""LCYW-EN063"",""set_rarity"":""Common"",""set_rarity_code"":""(C)"",""set_price"":""1.29""},{""set_name"":""Legendary Collection Kaiba Mega Pack"",""set_code"":""LCKC-EN044"",""set_rarity"":""Secret Rare"",""set_rarity_code"":""(ScR)"",""set_price"":""1.89""},{""set_name"":""Speed Duel: Battle City Box"",""set_code"":""SBCB-EN012"",""set_rarity"":""Common"",""set_rarity_code"":""(C)"",""set_price"":""1.21""},{""set_name"":""Structure Deck: Yugi Muto"",""set_code"":""SDMY-EN032"",""set_rarity"":""Common"",""set_rarity_code"":""(C)"",""set_price"":""1.2""},{""set_name"":""Yugi's Legendary Decks"",""set_code"":""YGLD-ENB31"",""set_rarity"":""Common"",""set_rarity_code"":""(C)"",""set_price"":""1.16""}]",null,"[{""id"":95286165,""image_url"":""https://storage.googleapis.com/ygoprodeck.com/pics/95286165.jpg"",""image_url_small"":""https://storage.googleapis.com/ygoprodeck.com/pics_small/95286165.jpg""}]","[{""cardmarket_price"":""0.13"",""tcgplayer_price"":""0.23"",""ebay_price"":""1.50"",""amazon_price"":""2.99"",""coolstuffinc_price"":""0.39""}]",null,null,undefined
19230408,Offerings to the Doomed,Spell Card,"Target 1 face-up monster on the field; destroy that target, also skip your next Draw Phase.",Quick-Play,"[{""set_name"":""Battle Pack 3: Monster League"",""set_code"":""BP03-EN138"",""set_rarity"":""Common"",""set_rarity_code"":""(C)"",""set_price"":""1.22""},{""set_name"":""Battle Pack 3: Monster League"",""set_code"":""BP03-EN138"",""set_rarity"":""Shatterfoil Rare"",""set_rarity_code"":""(SHR)"",""set_price"":""1.9""},{""set_name"":""Battle Pack: Epic Dawn"",""set_code"":""BP01-EN070"",""set_rarity"":""Common"",""set_rarity_code"":""(C)"",""set_price"":""1.28""},{""set_name"":""Battle Pack: Epic Dawn"",""set_code"":""BP01-EN070"",""set_rarity"":""Starfoil Rare"",""set_rarity_code"":""(SFR)"",""set_price"":""1.13""},{""set_name"":""Duel Terminal 2"",""set_code"":""DT02-EN039"",""set_rarity"":""Duel Terminal Normal Parallel Rare"",""set_rarity_code"":""(DNPR)"",""set_price"":""0.00""},{""set_name"":""Gold Series"",""set_code"":""GLD1-EN034"",""set_rarity"":""Common"",""set_rarity_code"":""(C)"",""set_price"":""4.98""},{""set_name"":""Labyrinth of Nightmare"",""set_code"":""LON-051"",""set_rarity"":""Common"",""set_rarity_code"":""(C)"",""set_price"":""1.42""},{""set_name"":""Labyrinth of Nightmare"",""set_code"":""LON-E051"",""set_rarity"":""Common"",""set_rarity_code"":""(C)"",""set_price"":""3.17""},{""set_name"":""Labyrinth of Nightmare"",""set_code"":""LON-EN051"",""set_rarity"":""Common"",""set_rarity_code"":""(C)"",""set_price"":""1.99""},{""set_name"":""OTS Tournament Pack 1"",""set_code"":""OP01-EN023"",""set_rarity"":""Common"",""set_rarity_code"":""(C)"",""set_price"":""0.95""},{""set_name"":""Speed Duel Starter Decks: Twisted Nightmares"",""set_code"":""SS05-ENA22"",""set_rarity"":""Common"",""set_rarity_code"":""(C)"",""set_price"":""2.17""},{""set_name"":""Starter Deck: Kaiba Reloaded"",""set_code"":""YSKR-EN033"",""set_rarity"":""Common"",""set_rarity_code"":""(C)"",""set_price"":""1.18""},{""set_name"":""Structure Deck: Powercode Link"",""set_code"":""SDPL-EN023"",""set_rarity"":""Common"",""set_rarity_code"":""(C)"",""set_price"":""1.3""},{""set_name"":""The Lost Art Promotion 2020 E"",""set_code"":""LART-EN017"",""set_rarity"":""Ultra Rare"",""set_rarity_code"":""(UR)"",""set_price"":""8.33""}]",null,"[{""id"":19230408,""image_url"":""https://storage.googleapis.com/ygoprodeck.com/pics/19230408.jpg"",""image_url_small"":""https://storage.googleapis.com/ygoprodeck.com/pics_small/19230408.jpg""},{""id"":19230407,""image_url"":""https://storage.googleapis.com/ygoprodeck.com/pics/19230407.jpg"",""image_url_small"":""https://storage.googleapis.com/ygoprodeck.com/pics_small/19230407.jpg""}]","[{""cardmarket_price"":""0.04"",""tcgplayer_price"":""0.21"",""ebay_price"":""6.49"",""amazon_price"":""0.75"",""coolstuffinc_price"":""0.39""}]",null,null,undefined
73915051,Scapegoat,Spell Card,"Special Summon 4 ""Sheep Tokens"" (Beast/EARTH/Level 1/ATK 0/DEF 0) in Defense Position. They cannot be Tributed for a Tribute Summon. You cannot Summon other monsters the turn you activate this card (but you can Normal Set).",Quick-Play,"[{""set_name"":""Battle Pack 2: War of the Giants"",""set_code"":""BP02-EN136"",""set_rarity"":""Common"",""set_rarity_code"":""(C)"",""set_price"":""1.75""},{""set_name"":""Battle Pack 2: War of the Giants"",""set_code"":""BP02-EN136"",""set_rarity"":""Mosaic Rare"",""set_rarity_code"":""(MSR)"",""set_price"":""4.05""},{""set_name"":""Battle Pack 3: Monster League"",""set_code"":""BP03-EN139"",""set_rarity"":""Common"",""set_rarity_code"":""(C)"",""set_price"":""1.82""},{""set_name"":""Battle Pack 3: Monster League"",""set_code"":""BP03-EN139"",""set_rarity"":""Shatterfoil Rare"",""set_rarity_code"":""(SHR)"",""set_price"":""1.82""},{""set_name"":""Battle Pack: Epic Dawn"",""set_code"":""BP01-EN042"",""set_rarity"":""Rare"",""set_rarity_code"":""(R)"",""set_price"":""2.15""},{""set_name"":""Battle Pack: Epic Dawn"",""set_code"":""BP01-EN042"",""set_rarity"":""Starfoil Rare"",""set_rarity_code"":""(SFR)"",""set_price"":""2.95""},{""set_name"":""Dark Legends"",""set_code"":""DLG1-EN091"",""set_rarity"":""Super Rare"",""set_rarity_code"":""(SR)"",""set_price"":""31.56""},{""set_name"":""Dark Saviors"",""set_code"":""DASA-EN052"",""set_rarity"":""Super Rare"",""set_rarity_code"":""(SR)"",""set_price"":""1.85""},{""set_name"":""Duelist League 2010 participation cards"",""set_code"":""DL09-EN015"",""set_rarity"":""Rare"",""set_rarity_code"":""(R)"",""set_price"":""19.93""},{""set_name"":""Hobby League 5 participation card F"",""set_code"":""HL05-EN006"",""set_rarity"":""Ultra Parallel Rare"",""set_rarity_code"":""(UPR)"",""set_price"":""27.47""},{""set_name"":""Legendary Collection 4: Joey's World Mega Pack"",""set_code"":""LCJW-EN066"",""set_rarity"":""Secret Rare"",""set_rarity_code"":""(ScR)"",""set_price"":""10.83""},{""set_name"":""Legendary Decks II"",""set_code"":""LDK2-ENJ28"",""set_rarity"":""Common"",""set_rarity_code"":""(C)"",""set_price"":""1.66""},{""set_name"":""Master of Pendulum Structure Deck"",""set_code"":""SDMP-EN032"",""set_rarity"":""Common"",""set_rarity_code"":""(C)"",""set_price"":""1.63""},{""set_name"":""Millennium Pack"",""set_code"":""MIL1-EN019"",""set_rarity"":""Common"",""set_rarity_code"":""(C)"",""set_price"":""1.65""},{""set_name"":""OTS Tournament Pack 5"",""set_code"":""OP05-EN024"",""set_rarity"":""Common"",""set_rarity_code"":""(C)"",""set_price"":""1.46""},{""set_name"":""OTS Tournament Pack 8"",""set_code"":""OP08-EN003"",""set_rarity"":""Ultimate Rare"",""set_rarity_code"":""(UtR)"",""set_price"":""92.96""},{""set_name"":""OTS Tournament Pack 8 (POR)"",""set_code"":""OP08-PT003"",""set_rarity"":""Ultimate Rare"",""set_rarity_code"":""(UtR)"",""set_price"":""0.00""},{""set_name"":""Retro Pack"",""set_code"":""RP01-EN090"",""set_rarity"":""Ultra Rare"",""set_rarity_code"":""(UR)"",""set_price"":""4999.99""},{""set_name"":""Starter Deck: Codebreaker"",""set_code"":""YS18-EN023"",""set_rarity"":""Common"",""set_rarity_code"":""(C)"",""set_price"":""1.45""},{""set_name"":""Starter Deck: Joey"",""set_code"":""SDJ-041"",""set_rarity"":""Super Rare"",""set_rarity_code"":""(SR)"",""set_price"":""3.75""},{""set_name"":""Structure Deck: Powercode Link"",""set_code"":""SDPL-EN025"",""set_rarity"":""Common"",""set_rarity_code"":""(C)"",""set_price"":""1.63""},{""set_name"":""Tournament Pack 7"",""set_code"":""TP7-EN009"",""set_rarity"":""Rare"",""set_rarity_code"":""(R)"",""set_price"":""4.06""}]",undefined,"[{""id"":73915051,""image_url"":""https://storage.googleapis.com/ygoprodeck.com/pics/73915051.jpg"",""image_url_small"":""https://storage.googleapis.com/ygoprodeck.com/pics_small/73915051.jpg""}]","[{""cardmarket_price"":""0.12"",""tcgplayer_price"":""0.43"",""ebay_price"":""9.49"",""amazon_price"":""5.19"",""coolstuffinc_price"":""0.25""}]",Limited,Semi-Limited,undefined
53046408,Emergency Provisions,Spell Card,Send any number of other Spell/Trap Cards you control to the Graveyard; gain 1000 LP for each card sent to the Graveyard this way.,Quick-Play,"[{""set_name"":""Dark Beginning 2"",""set_code"":""DB2-EN150"",""set_rarity"":""Rare"",""set_rarity_code"":""(R)"",""set_price"":""3.66""},{""set_name"":""Legacy of Darkness"",""set_code"":""LOD-033"",""set_rarity"":""Common"",""set_rarity_code"":""(C)"",""set_price"":""3.32""},{""set_name"":""Legacy of Darkness"",""set_code"":""LOD-EN033"",""set_rarity"":""Common"",""set_rarity_code"":""(C)"",""set_price"":""0.00""},{""set_name"":""Pendulum Domination Structure Deck"",""set_code"":""SDPD-EN031"",""set_rarity"":""Common"",""set_rarity_code"":""(C)"",""set_price"":""1.44""},{""set_name"":""Retro Pack 2"",""set_code"":""RP02-EN055"",""set_rarity"":""Common"",""set_rarity_code"":""(C)"",""set_price"":""1.56""},{""set_name"":""Starter Deck: Yu-Gi-Oh! 5D's 2009"",""set_code"":""5DS2-EN026"",""set_rarity"":""Common"",""set_rarity_code"":""(C)"",""set_price"":""1.54""},{""set_name"":""Tournament Pack 6"",""set_code"":""TP6-EN012"",""set_rarity"":""Common"",""set_rarity_code"":""(C)"",""set_price"":""1.6""}]",Semi-Limited,"[{""id"":53046408,""image_url"":""https://storage.googleapis.com/ygoprodeck.com/pics/53046408.jpg"",""image_url_small"":""https://storage.googleapis.com/ygoprodeck.com/pics_small/53046408.jpg""}]","[{""cardmarket_price"":""0.09"",""tcgplayer_price"":""0.43"",""ebay_price"":""3.40"",""amazon_price"":""1.17"",""coolstuffinc_price"":""0.25""}]",undefined,undefined,undefined
27770341,Super Rejuvenation,Spell Card,"During the End Phase of the turn this card was activated, draw a number of cards equal to the combined number of Dragon monsters you discarded or Tributed from your hand or field this turn.",Quick-Play,"[{""set_name"":""Dark Beginning 2"",""set_code"":""DB2-EN162"",""set_rarity"":""Common"",""set_rarity_code"":""(C)"",""set_price"":""1.65""},{""set_name"":""Legacy of Darkness"",""set_code"":""LOD-047"",""set_rarity"":""Common"",""set_rarity_code"":""(C)"",""set_price"":""1""},{""set_name"":""Legacy of Darkness"",""set_code"":""LOD-EN047"",""set_rarity"":""Common"",""set_rarity_code"":""(C)"",""set_price"":""0.00""},{""set_name"":""Legendary Collection 4: Joey's World Mega Pack"",""set_code"":""LCJW-EN287"",""set_rarity"":""Super Rare"",""set_rarity_code"":""(SR)"",""set_price"":""1.4""},{""set_name"":""Mystic Fighters"",""set_code"":""MYFI-EN052"",""set_rarity"":""Super Rare"",""set_rarity_code"":""(SR)"",""set_price"":""1.16""},{""set_name"":""The Lost Art Promotion M"",""set_code"":""LART-EN013"",""set_rarity"":""Ultra Rare"",""set_rarity_code"":""(UR)"",""set_price"":""8.54""}]",null,"[{""id"":27770341,""image_url"":""https://storage.googleapis.com/ygoprodeck.com/pics/27770341.jpg"",""image_url_small"":""https://storage.googleapis.com/ygoprodeck.com/pics_small/27770341.jpg""}]","[{""cardmarket_price"":""0.22"",""tcgplayer_price"":""0.30"",""ebay_price"":""7.49"",""amazon_price"":""0.49"",""coolstuffinc_price"":""0.39""}]",null,null,undefined
14087893,Book of Moon,Spell Card,Target 1 face-up monster on the field; change that target to face-down Defense Position.,Quick-Play,"[{""set_name"":""Astral Pack Five"",""set_code"":""AP05-EN022"",""set_rarity"":""Common"",""set_rarity_code"":""(C)"",""set_price"":""2.89""},{""set_name"":""Battle Pack 2: War of the Giants"",""set_code"":""BP02-EN138"",""set_rarity"":""Common"",""set_rarity_code"":""(C)"",""set_price"":""2.44""},{""set_name"":""Battle Pack 2: War of the Giants"",""set_code"":""BP02-EN138"",""set_rarity"":""Mosaic Rare"",""set_rarity_code"":""(MSR)"",""set_price"":""2.5""},{""set_name"":""Battle Pack: Epic Dawn"",""set_code"":""BP01-EN072"",""set_rarity"":""Common"",""set_rarity_code"":""(C)"",""set_price"":""4.03""},{""set_name"":""Battle Pack: Epic Dawn"",""set_code"":""BP01-EN072"",""set_rarity"":""Starfoil Rare"",""set_rarity_code"":""(SFR)"",""set_price"":""3.33""},{""set_name"":""Battles of Legend: Armageddon"",""set_code"":""BLAR-EN052"",""set_rarity"":""Ultra Rare"",""set_rarity_code"":""(UR)"",""set_price"":""2.56""},{""set_name"":""Champion Pack: Game One"",""set_code"":""CP01-EN002"",""set_rarity"":""Super Rare"",""set_rarity_code"":""(SR)"",""set_price"":""1257.86""},{""set_name"":""Dark Beginning 2"",""set_code"":""DB2-EN232"",""set_rarity"":""Common"",""set_rarity_code"":""(C)"",""set_price"":""2.46""},{""set_name"":""Dragons Collide Structure Deck"",""set_code"":""SDDC-EN029"",""set_rarity"":""Common"",""set_rarity_code"":""(C)"",""set_price"":""1.86""},{""set_name"":""Duel Terminal 3"",""set_code"":""DT03-EN093"",""set_rarity"":""Duel Terminal Rare Parallel Rare"",""set_rarity_code"":""(DRPR)"",""set_price"":""21.11""},{""set_name"":""Egyptian God Deck: Slifer the Sky Dragon"",""set_code"":""EGS1-EN024"",""set_rarity"":""Common"",""set_rarity_code"":""(C)"",""set_price"":""1.13""},{""set_name"":""Legendary Collection 3: Yugi's World Mega Pack"",""set_code"":""LCYW-EN270"",""set_rarity"":""Secret Rare"",""set_rarity_code"":""(ScR)"",""set_price"":""8.04""},{""set_name"":""Legendary Collection 4: Joey's World Mega Pack"",""set_code"":""LCJW-EN288"",""set_rarity"":""Secret Rare"",""set_rarity_code"":""(ScR)"",""set_price"":""9.48""},{""set_name"":""Noble Knights of the Round Table Box Set"",""set_code"":""NKRT-EN027"",""set_rarity"":""Platinum Rare"",""set_rarity_code"":""(PIR)"",""set_price"":""4.19""},{""set_name"":""OTS Tournament Pack 13"",""set_code"":""OP13-EN001"",""set_rarity"":""Ultimate Rare"",""set_rarity_code"":""(UtR)"",""set_price"":""155.29""},{""set_name"":""OTS Tournament Pack 13 (POR)"",""set_code"":""OP13-PT001"",""set_rarity"":""Ultimate Rare"",""set_rarity_code"":""(UtR)"",""set_price"":""0.00""},{""set_name"":""Pharaonic Guardian"",""set_code"":""PGD-035"",""set_rarity"":""Rare"",""set_rarity_code"":""(R)"",""set_price"":""2.34""},{""set_name"":""Premium Gold: Return of the Bling"",""set_code"":""PGL2-EN049"",""set_rarity"":""Gold Rare"",""set_rarity_code"":""(GUR)"",""set_price"":""3.96""},{""set_name"":""Retro Pack 2"",""set_code"":""RP02-EN070"",""set_rarity"":""Common"",""set_rarity_code"":""(C)"",""set_price"":""2.13""},{""set_name"":""Speed Duel: Battle City Box"",""set_code"":""SBCB-EN013"",""set_rarity"":""Common"",""set_rarity_code"":""(C)"",""set_price"":""4.04""},{""set_name"":""Spellcaster's Command Structure Deck"",""set_code"":""SDSC-EN030"",""set_rarity"":""Common"",""set_rarity_code"":""(C)"",""set_price"":""2.87""},{""set_name"":""Starter Deck: Codebreaker"",""set_code"":""YS18-EN027"",""set_rarity"":""Common"",""set_rarity_code"":""(C)"",""set_price"":""1.6""},{""set_name"":""Starter Deck: Link Strike"",""set_code"":""YS17-EN025"",""set_rarity"":""Common"",""set_rarity_code"":""(C)"",""set_price"":""1.7""},{""set_name"":""Starter Deck: Syrus Truesdale"",""set_code"":""YSDS-EN025"",""set_rarity"":""Common"",""set_rarity_code"":""(C)"",""set_price"":""3.69""},{""set_name"":""Starter Deck: Yugi Reloaded"",""set_code"":""YSYR-EN030"",""set_rarity"":""Common"",""set_rarity_code"":""(C)"",""set_price"":""2.08""},{""set_name"":""Starter Deck: Yuya"",""set_code"":""YS16-EN027"",""set_rarity"":""Common"",""set_rarity_code"":""(C)"",""set_price"":""1.64""},{""set_name"":""Structure Deck: Marik (TCG)"",""set_code"":""SDMA-EN023"",""set_rarity"":""Common"",""set_rarity_code"":""(C)"",""set_price"":""1.95""},{""set_name"":""Trials of the Pharaoh - Speed Duel: Battle City Box promotional card"",""set_code"":""OPTP-EN003"",""set_rarity"":""Super Rare"",""set_rarity_code"":""(SR)"",""set_price"":""0.00""},{""set_name"":""Turbo Pack: Booster One"",""set_code"":""TU01-EN012"",""set_rarity"":""Common"",""set_rarity_code"":""(C)"",""set_price"":""4.07""},{""set_name"":""Turbo Pack: Booster Seven"",""set_code"":""TU07-EN001"",""set_rarity"":""Ultra Rare"",""set_rarity_code"":""(UR)"",""set_price"":""37.13""}]",null,"[{""id"":14087893,""image_url"":""https://storage.googleapis.com/ygoprodeck.com/pics/14087893.jpg"",""image_url_small"":""https://storage.googleapis.com/ygoprodeck.com/pics_small/14087893.jpg""}]","[{""cardmarket_price"":""0.17"",""tcgplayer_price"":""0.43"",""ebay_price"":""1.99"",""amazon_price"":""1.79"",""coolstuffinc_price"":""0.49""}]",null,null,Book of
76754619,Pyramid Energy,Spell Card,"You can select and activate 1 of the following effects:
● Increase the ATK of all face-up monsters on your side of the field by 200 points until the End Phase of the turn this card is activated.
● Increase the DEF of all face-up monsters on your side of the field by 500 points until the End Phase of the turn this card is activated.",Quick-Play,"[{""set_name"":""Dark Beginning 2"",""set_code"":""DB2-EN237"",""set_rarity"":""Common"",""set_rarity_code"":""(C)"",""set_price"":""1.25""},{""set_name"":""Pharaonic Guardian"",""set_code"":""PGD-040"",""set_rarity"":""Common"",""set_rarity_code"":""(C)"",""set_price"":""0.97""}]",null,"[{""id"":76754619,""image_url"":""https://storage.googleapis.com/ygoprodeck.com/pics/76754619.jpg"",""image_url_small"":""https://storage.googleapis.com/ygoprodeck.com/pics_small/76754619.jpg""}]","[{""cardmarket_price"":""0.17"",""tcgplayer_price"":""0.14"",""ebay_price"":""0.99"",""amazon_price"":""0.20"",""coolstuffinc_price"":""0.25""}]",null,null,undefined
8964854,Combination Attack,Spell Card,"During a Battle Phase, you can use this effect on 1 monster that has attacked this turn and is equipped with a Union Monster. Change the Union Monster back to a monster in face-up Attack or Defense Position. Also, the monster that was equipped with the Union Monster may attack again this turn.",Quick-Play,"[{""set_name"":""Dark Revelation Volume 1"",""set_code"":""DR1-EN085"",""set_rarity"":""Common"",""set_rarity_code"":""(C)"",""set_price"":""1.89""},{""set_name"":""Magician's Force"",""set_code"":""MFC-030"",""set_rarity"":""Rare"",""set_rarity_code"":""(R)"",""set_price"":""1.18""}]",null,"[{""id"":8964854,""image_url"":""https://storage.googleapis.com/ygoprodeck.com/pics/8964854.jpg"",""image_url_small"":""https://storage.googleapis.com/ygoprodeck.com/pics_small/8964854.jpg""}]","[{""cardmarket_price"":""0.24"",""tcgplayer_price"":""0.51"",""ebay_price"":""1.99"",""amazon_price"":""1.29"",""coolstuffinc_price"":""0.49""}]",null,null,undefined
33784505,Jar Robber,Spell Card,"You can only activate this card when ""Pot of Greed"" is activated. Negate the effect of the ""Pot of Greed"" and draw 1 card from your Deck.",Quick-Play,"[{""set_name"":""Dark Revelation Volume 1"",""set_code"":""DR1-EN146"",""set_rarity"":""Common"",""set_rarity_code"":""(C)"",""set_price"":""1.17""},{""set_name"":""Magician's Force"",""set_code"":""MFC-091"",""set_rarity"":""Common"",""set_rarity_code"":""(C)"",""set_price"":""0.97""}]",null,"[{""id"":33784505,""image_url"":""https://storage.googleapis.com/ygoprodeck.com/pics/33784505.jpg"",""image_url_small"":""https://storage.googleapis.com/ygoprodeck.com/pics_small/33784505.jpg""}]","[{""cardmarket_price"":""0.13"",""tcgplayer_price"":""0.16"",""ebay_price"":""0.99"",""amazon_price"":""0.25"",""coolstuffinc_price"":""0.25""}]",null,null,undefined
69279219,My Body as a Shield,Spell Card,"When your opponent activates a Spell/Trap Card or monster effect that would destroy a monster(s) on the field: Pay 1500 LP; negate the activation, and if you do, destroy it.",Quick-Play,"[{""set_name"":""Champion Pack: Game One"",""set_code"":""CP01-EN015"",""set_rarity"":""Common"",""set_rarity_code"":""(C)"",""set_price"":""2.69""},{""set_name"":""Dark Revelation Volume 1"",""set_code"":""DR1-EN147"",""set_rarity"":""Common"",""set_rarity_code"":""(C)"",""set_price"":""1.61""},{""set_name"":""Duel Terminal 5a"",""set_code"":""DT05-EN041"",""set_rarity"":""Duel Terminal Normal Parallel Rare"",""set_rarity_code"":""(DNPR)"",""set_price"":""4.73""},{""set_name"":""Gold Series 3"",""set_code"":""GLD3-EN041"",""set_rarity"":""Gold Rare"",""set_rarity_code"":""(GUR)"",""set_price"":""4.31""},{""set_name"":""Legendary Collection 3: Yugi's World Mega Pack"",""set_code"":""LCYW-EN135"",""set_rarity"":""Common"",""set_rarity_code"":""(C)"",""set_price"":""1.32""},{""set_name"":""Magician's Force"",""set_code"":""MFC-092"",""set_rarity"":""Common"",""set_rarity_code"":""(C)"",""set_price"":""1.31""},{""set_name"":""OTS Tournament Pack 10"",""set_code"":""OP10-EN021"",""set_rarity"":""Common"",""set_rarity_code"":""(C)"",""set_price"":""1.25""},{""set_name"":""OTS Tournament Pack 10 (POR)"",""set_code"":""OP10-PT021"",""set_rarity"":""Common"",""set_rarity_code"":""(C)"",""set_price"":""0.00""},{""set_name"":""Premium Gold: Return of the Bling"",""set_code"":""PGL2-EN074"",""set_rarity"":""Gold Rare"",""set_rarity_code"":""(GUR)"",""set_price"":""1.73""},{""set_name"":""Turbo Pack: Booster Two"",""set_code"":""TU02-EN007"",""set_rarity"":""Rare"",""set_rarity_code"":""(R)"",""set_price"":""2.4""}]",null,"[{""id"":69279219,""image_url"":""https://storage.googleapis.com/ygoprodeck.com/pics/69279219.jpg"",""image_url_small"":""https://storage.googleapis.com/ygoprodeck.com/pics_small/69279219.jpg""}]","[{""cardmarket_price"":""0.27"",""tcgplayer_price"":""0.35"",""ebay_price"":""2.45"",""amazon_price"":""1.50"",""coolstuffinc_price"":""0.39""}]",null,null,undefined
8842266,Poison of the Old Man,Spell Card,"Activate 1 of these effects;
● Gain 1200 LP.
● Inflict 800 damage to your opponent.",Quick-Play,"[{""set_name"":""Dark Revelation Volume 1"",""set_code"":""DR1-EN088"",""set_rarity"":""Common"",""set_rarity_code"":""(C)"",""set_price"":""1.87""},{""set_name"":""Magician's Force"",""set_code"":""MFC-033"",""set_rarity"":""Common"",""set_rarity_code"":""(C)"",""set_price"":""1.32""},{""set_name"":""Saber Force Starter Deck"",""set_code"":""YS15-ENF18"",""set_rarity"":""Common"",""set_rarity_code"":""(C)"",""set_price"":""1.77""},{""set_name"":""Starter Deck: Dawn of the Xyz"",""set_code"":""YS11-EN029"",""set_rarity"":""Common"",""set_rarity_code"":""(C)"",""set_price"":""1.83""},{""set_name"":""Super Starter: Space-Time Showdown"",""set_code"":""YS14-EN030"",""set_rarity"":""Common"",""set_rarity_code"":""(C)"",""set_price"":""1.74""}]",null,"[{""id"":8842266,""image_url"":""https://storage.googleapis.com/ygoprodeck.com/pics/8842266.jpg"",""image_url_small"":""https://storage.googleapis.com/ygoprodeck.com/pics_small/8842266.jpg""}]","[{""cardmarket_price"":""0.20"",""tcgplayer_price"":""0.49"",""ebay_price"":""2.00"",""amazon_price"":""1.80"",""coolstuffinc_price"":""0.39""}]",null,null,undefined
96677818,Spellbook Organization,Spell Card,"Look at the top 3 cards of your Deck, then return them to the top of the Deck in any order.",Quick-Play,"[{""set_name"":""Dark Revelation Volume 1"",""set_code"":""DR1-EN148"",""set_rarity"":""Common"",""set_rarity_code"":""(C)"",""set_price"":""1.21""},{""set_name"":""Gold Series: Haunted Mine"",""set_code"":""GLD5-EN041"",""set_rarity"":""Common"",""set_rarity_code"":""(C)"",""set_price"":""8.09""},{""set_name"":""Magician's Force"",""set_code"":""MFC-093"",""set_rarity"":""Short Print"",""set_rarity_code"":""(SP)"",""set_price"":""1.32""}]",null,"[{""id"":96677818,""image_url"":""https://storage.googleapis.com/ygoprodeck.com/pics/96677818.jpg"",""image_url_small"":""https://storage.googleapis.com/ygoprodeck.com/pics_small/96677818.jpg""}]","[{""cardmarket_price"":""0.45"",""tcgplayer_price"":""2.02"",""ebay_price"":""0.99"",""amazon_price"":""1.99"",""coolstuffinc_price"":""1.99""}]",null,null,Spellbook
6850209,A Deal with Dark Ruler,Spell Card,"(This card is always treated as an ""Archfiend"" card.)
If a Level 8 or higher monster under your control was sent to the Graveyard this turn: Special Summon 1 ""Berserk Dragon"" from your hand or Deck.",Quick-Play,"[{""set_name"":""Dark Crisis"",""set_code"":""DCR-030"",""set_rarity"":""Common"",""set_rarity_code"":""(C)"",""set_price"":""1.15""},{""set_name"":""Dark Crisis"",""set_code"":""DCR-EN030"",""set_rarity"":""Common"",""set_rarity_code"":""(C)"",""set_price"":""0.00""},{""set_name"":""Dark Revelation Volume 1"",""set_code"":""DR1-EN192"",""set_rarity"":""Common"",""set_rarity_code"":""(C)"",""set_price"":""1.24""},{""set_name"":""Legendary Collection 4: Joey's World Mega Pack"",""set_code"":""LCJW-EN241"",""set_rarity"":""Rare"",""set_rarity_code"":""(R)"",""set_price"":""1.14""}]",null,"[{""id"":6850209,""image_url"":""https://storage.googleapis.com/ygoprodeck.com/pics/6850209.jpg"",""image_url_small"":""https://storage.googleapis.com/ygoprodeck.com/pics_small/6850209.jpg""}]","[{""cardmarket_price"":""0.22"",""tcgplayer_price"":""0.19"",""ebay_price"":""0.01"",""amazon_price"":""0.99"",""coolstuffinc_price"":""0.25""}]",null,null,Archfiend
69542930,Dedication through Light and Darkness,Spell Card,"Tribute 1 ""Dark Magician""; Special Summon 1 ""Dark Magician of Chaos"" from your hand, Deck, or Graveyard.",Quick-Play,"[{""set_name"":""Dark Revelation Volume 2"",""set_code"":""DR2-EN096"",""set_rarity"":""Super Rare"",""set_rarity_code"":""(SR)"",""set_price"":""5.17""},{""set_name"":""Duelist Pack: Rivals of the Pharaoh"",""set_code"":""DPRP-EN014"",""set_rarity"":""Common"",""set_rarity_code"":""(C)"",""set_price"":""1.19""},{""set_name"":""Invasion of Chaos"",""set_code"":""IOC-095"",""set_rarity"":""Super Rare"",""set_rarity_code"":""(SR)"",""set_price"":""1.66""},{""set_name"":""Invasion of Chaos"",""set_code"":""IOC-EN095"",""set_rarity"":""Super Rare"",""set_rarity_code"":""(SR)"",""set_price"":""5.5""},{""set_name"":""Legendary Collection 3: Yugi's World Mega Pack"",""set_code"":""LCYW-EN069"",""set_rarity"":""Secret Rare"",""set_rarity_code"":""(ScR)"",""set_price"":""6.46""},{""set_name"":""Yugi's Legendary Decks"",""set_code"":""YGLD-ENC31"",""set_rarity"":""Common"",""set_rarity_code"":""(C)"",""set_price"":""1.11""}]",null,"[{""id"":69542930,""image_url"":""https://storage.googleapis.com/ygoprodeck.com/pics/69542930.jpg"",""image_url_small"":""https://storage.googleapis.com/ygoprodeck.com/pics_small/69542930.jpg""}]","[{""cardmarket_price"":""0.13"",""tcgplayer_price"":""0.21"",""ebay_price"":""0.99"",""amazon_price"":""0.55"",""coolstuffinc_price"":""0.25""}]",null,null,Dark Magician
22589918,Reload,Spell Card,Add all cards in your hand to your Deck and shuffle it. Then draw the same number of cards that you added to your Deck.,Quick-Play,"[{""set_name"":""Dark Revelation Volume 2"",""set_code"":""DR2-EN045"",""set_rarity"":""Super Rare"",""set_rarity_code"":""(SR)"",""set_price"":""21.9""},{""set_name"":""Invasion of Chaos"",""set_code"":""IOC-045"",""set_rarity"":""Super Rare"",""set_rarity_code"":""(SR)"",""set_price"":""3.9""},{""set_name"":""Invasion of Chaos"",""set_code"":""IOC-EN045"",""set_rarity"":""Super Rare"",""set_rarity_code"":""(SR)"",""set_price"":""0.00""},{""set_name"":""Structure Deck: Blaze of Destruction"",""set_code"":""SD3-EN023"",""set_rarity"":""Common"",""set_rarity_code"":""(C)"",""set_price"":""1.45""},{""set_name"":""Structure Deck: Dragon's Roar"",""set_code"":""SD1-EN019"",""set_rarity"":""Common"",""set_rarity_code"":""(C)"",""set_price"":""1.21""},{""set_name"":""Structure Deck: Fury from the Deep"",""set_code"":""SD4-EN022"",""set_rarity"":""Common"",""set_rarity_code"":""(C)"",""set_price"":""1.26""},{""set_name"":""Structure Deck: Lord of the Storm"",""set_code"":""SD8-EN023"",""set_rarity"":""Common"",""set_rarity_code"":""(C)"",""set_price"":""2.89""},{""set_name"":""Structure Deck: Spellcaster's Judgment"",""set_code"":""SD6-EN025"",""set_rarity"":""Common"",""set_rarity_code"":""(C)"",""set_price"":""1.26""},{""set_name"":""Structure Deck: Warrior's Triumph"",""set_code"":""SD5-EN029"",""set_rarity"":""Common"",""set_rarity_code"":""(C)"",""set_price"":""1.59""},{""set_name"":""Structure Deck: Zombie Madness"",""set_code"":""SD2-EN023"",""set_rarity"":""Common"",""set_rarity_code"":""(C)"",""set_price"":""1.27""}]",null,"[{""id"":22589918,""image_url"":""https://storage.googleapis.com/ygoprodeck.com/pics/22589918.jpg"",""image_url_small"":""https://storage.googleapis.com/ygoprodeck.com/pics_small/22589918.jpg""}]","[{""cardmarket_price"":""0.07"",""tcgplayer_price"":""0.40"",""ebay_price"":""5.99"",""amazon_price"":""0.54"",""coolstuffinc_price"":""0.39""}]",null,null,undefined
98045062,Enemy Controller,Spell Card,"Activate 1 of these effects.
● Target 1 face-up monster your opponent controls; change that target's battle position.
● Tribute 1 monster, then target 1 face-up monster your opponent controls; take control of that target until the End Phase.",Quick-Play,"[{""set_name"":""Ancient Sanctuary"",""set_code"":""AST-037"",""set_rarity"":""Ultra Rare"",""set_rarity_code"":""(UR)"",""set_price"":""17.9""},{""set_name"":""Battle Pack 2: War of the Giants"",""set_code"":""BP02-EN144"",""set_rarity"":""Common"",""set_rarity_code"":""(C)"",""set_price"":""1.28""},{""set_name"":""Battle Pack 2: War of the Giants"",""set_code"":""BP02-EN144"",""set_rarity"":""Mosaic Rare"",""set_rarity_code"":""(MSR)"",""set_price"":""2.48""},{""set_name"":""Battle Pack 3: Monster League"",""set_code"":""BP03-EN149"",""set_rarity"":""Common"",""set_rarity_code"":""(C)"",""set_price"":""1.3""},{""set_name"":""Battle Pack 3: Monster League"",""set_code"":""BP03-EN149"",""set_rarity"":""Shatterfoil Rare"",""set_rarity_code"":""(SHR)"",""set_price"":""1.29""},{""set_name"":""Battle Pack: Epic Dawn"",""set_code"":""BP01-EN078"",""set_rarity"":""Common"",""set_rarity_code"":""(C)"",""set_price"":""1.32""},{""set_name"":""Battle Pack: Epic Dawn"",""set_code"":""BP01-EN078"",""set_rarity"":""Starfoil Rare"",""set_rarity_code"":""(SFR)"",""set_price"":""1.4""},{""set_name"":""Champion Pack: Game One"",""set_code"":""CP01-EN010"",""set_rarity"":""Rare"",""set_rarity_code"":""(R)"",""set_price"":""8.52""},{""set_name"":""Dark Revelation Volume 2"",""set_code"":""DR2-EN149"",""set_rarity"":""Super Rare"",""set_rarity_code"":""(SR)"",""set_price"":""48.1""},{""set_name"":""Duel Terminal 2"",""set_code"":""DT02-EN040"",""set_rarity"":""Duel Terminal Rare Parallel Rare"",""set_rarity_code"":""(DRPR)"",""set_price"":""9.2""},{""set_name"":""Duelist League Demo 2010"",""set_code"":""DLDI-EN004"",""set_rarity"":""Common"",""set_rarity_code"":""(C)"",""set_price"":""3.42""},{""set_name"":""Duelist Pack: Battle City"",""set_code"":""DPBC-EN019"",""set_rarity"":""Common"",""set_rarity_code"":""(C)"",""set_price"":""1.32""},{""set_name"":""Egyptian God Deck: Slifer the Sky Dragon"",""set_code"":""EGS1-EN025"",""set_rarity"":""Common"",""set_rarity_code"":""(C)"",""set_price"":""1.1""},{""set_name"":""Emperor of Darkness Structure Deck"",""set_code"":""SR01-EN031"",""set_rarity"":""Common"",""set_rarity_code"":""(C)"",""set_price"":""1.27""},{""set_name"":""Gold Series 3"",""set_code"":""GLD3-EN043"",""set_rarity"":""Gold Rare"",""set_rarity_code"":""(GUR)"",""set_price"":""3.47""},{""set_name"":""Legendary Collection Kaiba Mega Pack"",""set_code"":""LCKC-EN032"",""set_rarity"":""Secret Rare"",""set_rarity_code"":""(ScR)"",""set_price"":""2.83""},{""set_name"":""Legendary Decks II"",""set_code"":""LDK2-ENK23"",""set_rarity"":""Common"",""set_rarity_code"":""(C)"",""set_price"":""0""},{""set_name"":""Legendary Decks II"",""set_code"":""LDK2-ENK25"",""set_rarity"":""Common"",""set_rarity_code"":""(C)"",""set_price"":""1.02""},{""set_name"":""Premium Gold: Return of the Bling"",""set_code"":""PGL2-EN076"",""set_rarity"":""Gold Rare"",""set_rarity_code"":""(GUR)"",""set_price"":""1.85""},{""set_name"":""Saga of Blue-Eyes White Dragon Structure Deck"",""set_code"":""SDBE-EN032"",""set_rarity"":""Common"",""set_rarity_code"":""(C)"",""set_price"":""1.14""},{""set_name"":""Spellcaster's Command Structure Deck"",""set_code"":""SDSC-EN029"",""set_rarity"":""Common"",""set_rarity_code"":""(C)"",""set_price"":""1.47""},{""set_name"":""Starter Deck: Duelist Toolbox"",""set_code"":""5DS3-EN025"",""set_rarity"":""Common"",""set_rarity_code"":""(C)"",""set_price"":""1.45""},{""set_name"":""Starter Deck: Kaiba Reloaded"",""set_code"":""YSKR-EN035"",""set_rarity"":""Common"",""set_rarity_code"":""(C)"",""set_price"":""1.35""},{""set_name"":""Starter Deck: Syrus Truesdale"",""set_code"":""YSDS-EN027"",""set_rarity"":""Common"",""set_rarity_code"":""(C)"",""set_price"":""1.35""},{""set_name"":""Structure Deck: Machine Re-Volt"",""set_code"":""SD10-EN027"",""set_rarity"":""Common"",""set_rarity_code"":""(C)"",""set_price"":""1.23""},{""set_name"":""Structure Deck: Seto Kaiba"",""set_code"":""SDKS-EN026"",""set_rarity"":""Common"",""set_rarity_code"":""(C)"",""set_price"":""1.42""},{""set_name"":""The Dark Emperor Structure Deck"",""set_code"":""SDDE-EN025"",""set_rarity"":""Common"",""set_rarity_code"":""(C)"",""set_price"":""1.34""}]",null,"[{""id"":98045062,""image_url"":""https://storage.googleapis.com/ygoprodeck.com/pics/98045062.jpg"",""image_url_small"":""https://storage.googleapis.com/ygoprodeck.com/pics_small/98045062.jpg""}]","[{""cardmarket_price"":""0.06"",""tcgplayer_price"":""0.21"",""ebay_price"":""3.50"",""amazon_price"":""2.01"",""coolstuffinc_price"":""0.39""}]",null,null,undefined
80161395,Mystik Wok,Spell Card,Tribute 1 monster. Select either its ATK or DEF and gain that many Life Points.,Quick-Play,"[{""set_name"":""Ancient Sanctuary"",""set_code"":""AST-036"",""set_rarity"":""Common"",""set_rarity_code"":""(C)"",""set_price"":""1.3""},{""set_name"":""Dark Revelation Volume 2"",""set_code"":""DR2-EN148"",""set_rarity"":""Common"",""set_rarity_code"":""(C)"",""set_price"":""1.84""},{""set_name"":""Rise of the Dragon Lords Structure Deck"",""set_code"":""SDRL-EN028"",""set_rarity"":""Common"",""set_rarity_code"":""(C)"",""set_price"":""1.63""}]",null,"[{""id"":80161395,""image_url"":""https://storage.googleapis.com/ygoprodeck.com/pics/80161395.jpg"",""image_url_small"":""https://storage.googleapis.com/ygoprodeck.com/pics_small/80161395.jpg""}]","[{""cardmarket_price"":""0.10"",""tcgplayer_price"":""0.37"",""ebay_price"":""4.75"",""amazon_price"":""1.35"",""coolstuffinc_price"":""0.39""}]",null,null,undefined
78986941,Order to Charge,Spell Card,"Target 1 non-Token Normal Monster you control; Tribute that Normal Monster, and if you do, destroy 1 monster your opponent controls.",Quick-Play,"[{""set_name"":""Ancient Sanctuary"",""set_code"":""AST-085"",""set_rarity"":""Short Print"",""set_rarity_code"":""(SP)"",""set_price"":""1.71""},{""set_name"":""Dark Revelation Volume 2"",""set_code"":""DR2-EN198"",""set_rarity"":""Common"",""set_rarity_code"":""(C)"",""set_price"":""2.49""},{""set_name"":""Speed Duel Starter Decks: Ultimate Predators"",""set_code"":""SS03-ENV01"",""set_rarity"":""Ultra Rare"",""set_rarity_code"":""(UR)"",""set_price"":""1.98""}]",null,"[{""id"":78986941,""image_url"":""https://storage.googleapis.com/ygoprodeck.com/pics/78986941.jpg"",""image_url_small"":""https://storage.googleapis.com/ygoprodeck.com/pics_small/78986941.jpg""}]","[{""cardmarket_price"":""0.14"",""tcgplayer_price"":""0.43"",""ebay_price"":""0.99"",""amazon_price"":""1.53"",""coolstuffinc_price"":""0.25""}]",null,null,undefined
78864369,Soul Reversal,Spell Card,Return 1 Flip Effect Monster from your Graveyard to the top of your Deck.,Quick-Play,"[{""set_name"":""Ancient Sanctuary"",""set_code"":""AST-088"",""set_rarity"":""Common"",""set_rarity_code"":""(C)"",""set_price"":""1.02""},{""set_name"":""Dark Revelation Volume 2"",""set_code"":""DR2-EN201"",""set_rarity"":""Common"",""set_rarity_code"":""(C)"",""set_price"":""1.2""}]",null,"[{""id"":78864369,""image_url"":""https://storage.googleapis.com/ygoprodeck.com/pics/78864369.jpg"",""image_url_small"":""https://storage.googleapis.com/ygoprodeck.com/pics_small/78864369.jpg""}]","[{""cardmarket_price"":""0.06"",""tcgplayer_price"":""0.21"",""ebay_price"":""1.95"",""amazon_price"":""1.09"",""coolstuffinc_price"":""0.25""}]",null,null,undefined
22537443,Sebek's Blessing,Spell Card,If your monster inflicts battle damage to your opponent by a direct attack: Gain the same amount of LP.,Quick-Play,"[{""set_name"":""Speed Duel Starter Decks: Destiny Masters"",""set_code"":""SS01-ENB14"",""set_rarity"":""Common"",""set_rarity_code"":""(C)"",""set_price"":""1.09""},{""set_name"":""Structure Deck: Dinosaur's Rage"",""set_code"":""SD09-EN020"",""set_rarity"":""Common"",""set_rarity_code"":""(C)"",""set_price"":""1.08""},{""set_name"":""Yu-Gi-Oh! Power of Chaos: Joey the Passion promotional cards"",""set_code"":""PCJ-EN002"",""set_rarity"":""Prismatic Secret Rare"",""set_rarity_code"":""(PScR)"",""set_price"":""20.55""}]",null,"[{""id"":22537443,""image_url"":""https://storage.googleapis.com/ygoprodeck.com/pics/22537443.jpg"",""image_url_small"":""https://storage.googleapis.com/ygoprodeck.com/pics_small/22537443.jpg""}]","[{""cardmarket_price"":""0.10"",""tcgplayer_price"":""0.14"",""ebay_price"":""13.00"",""amazon_price"":""0.83"",""coolstuffinc_price"":""0.39""}]",null,null,undefined
14391920,Inferno Tempest,Spell Card,"When you take 3000 or more Battle Damage from 1 attack, you can activate this card. Remove all monsters in each player's Deck and Graveyard from play.",Quick-Play,"[{""set_name"":""Exclusive Pack"",""set_code"":""EP1-EN007"",""set_rarity"":""Common"",""set_rarity_code"":""(C)"",""set_price"":""6.02""}]",null,"[{""id"":14391920,""image_url"":""https://storage.googleapis.com/ygoprodeck.com/pics/14391920.jpg"",""image_url_small"":""https://storage.googleapis.com/ygoprodeck.com/pics_small/14391920.jpg""}]","[{""cardmarket_price"":""0.62"",""tcgplayer_price"":""1.78"",""ebay_price"":""2.75"",""amazon_price"":""5.69"",""coolstuffinc_price"":""1.99""}]",null,null,undefined
52817046,Mind Wipe,Spell Card,"Activate only if your opponent has 3 or less cards in their hand. Your opponent adds their hand to the Deck and shuffles it, then draws the same number of cards they added to the Deck.",Quick-Play,"[{""set_name"":""Dark Revelation Volume 3"",""set_code"":""DR3-EN039"",""set_rarity"":""Common"",""set_rarity_code"":""(C)"",""set_price"":""1.22""},{""set_name"":""Soul of the Duelist"",""set_code"":""SOD-EN039"",""set_rarity"":""Short Print"",""set_rarity_code"":""(SP)"",""set_price"":""0.96""}]",null,"[{""id"":52817046,""image_url"":""https://storage.googleapis.com/ygoprodeck.com/pics/52817046.jpg"",""image_url_small"":""https://storage.googleapis.com/ygoprodeck.com/pics_small/52817046.jpg""}]","[{""cardmarket_price"":""0.08"",""tcgplayer_price"":""0.19"",""ebay_price"":""0.01"",""amazon_price"":""0.20"",""coolstuffinc_price"":""0.25""}]",null,null,undefined