"7 Completed","86198326","Spell Card","Equip",NULL,NULL,NULL,"Activate this card by choosing ATK or DEF; equip only to a Machine monster. It gains 700 ATK or DEF, depending on the choice."
"Air Eater","8353769","Normal Monster","Fiend","WIND","2100","1600","A monster that feeds on oxygen, suffocating any who stand near."
"Ancient Lamp","54912977","Effect Monster","Spellcaster","WIND","900","1400","During your Main Phase: You can Special Summon ""La Jinn the Mystical Genie of the Lamp"" from your hand. This card must be face-up on the field to activate and to resolve this effect. Before damage calculation, if this card is being attacked by an opponent's monster, and was face-down at the start of the Damage Step: You can target 1 monster your opponent controls, except the attacking monster; the attacking monster attacks it instead, and you proceed to damage calculation."
"Ancient Tool","49587396","Normal Monster","Machine","DARK","1700","1400","A destructive machine discovered in the Ruins of the Ancients."
"Anthrosaurus","89904598","Normal Monster","Dinosaur","EARTH","1000","850","Dis man-like dinosawz gotta high I.Q., even tho he's lackin' in da strength depawtment. (Kinda like yooz, if ya had a high I.Q.! Nyaah!)"
"Armored Lizard","15480588","Normal Monster","Reptile","EARTH","1500","1200","A lizard with a very tough hide and a vicious bite."
"Armored Zombie","20277860","Normal Monster","Zombie","DARK","1500","0","This warrior blindly swings a deadly blade with devastating force."
"Axe Raider","48305365","Normal Monster","Warrior","EARTH","1700","1150","An axe-wielding monster of tremendous strength and agility."
"B. Dragon Jungle King","89832901","Normal Monster","Dragon","EARTH","2100","1800","A jet-black dragon found in the deepest jungles who normally devours trees."
"Baby Dragon","88819587","Normal Monster","Dragon","WIND","1200","700","Much more than just a child, this dragon is gifted with untapped power."
"Barox","6840573","Fusion Monster","Fiend","DARK","1380","1530","""Frenzied Panda"" + ""Ryu-Kishin"""
"Barrel Dragon","81480461","Effect Monster","Machine","DARK","2600","2200","Once per turn: You can target 1 monster your opponent controls; toss a coin 3 times and destroy it if at least 2 of the results are Heads."
"Basic Insect","89091579","Normal Monster","Insect","EARTH","500","700","Usually found traveling in swarms, this creature's ideal environment is the forest."
"Battle Ox","5053103","Normal Monster","Beast-Warrior","EARTH","1700","1000","A monster with tremendous power, it destroys enemies with a swing of its axe."
"Battle Steer","18246479","Normal Monster","Beast-Warrior","EARTH","1800","1300","A bull monster often found in the woods, it charges enemy monsters with a pair of deadly horns."
"Battle Warrior","55550921","Normal Monster","Warrior","EARTH","700","1000","A warrior that fights with his bare hands!!!"
"Beaver Warrior","32452818","Normal Monster","Beast-Warrior","EARTH","1200","1500","What this creature lacks in size it makes up for in defense when battling in the prairie."
"Bickuribox","25655502","Fusion Monster","Fiend","DARK","2300","2000","""Crass Clown"" + ""Dream Clown"""
"Big Insect","53606874","Normal Monster","Insect","EARTH","1200","1500","A giant ant that dwells in the jungle, it is powerful whether attacking or defending."
"Black Illusion Ritual","41426869","Spell Card","Ritual",NULL,NULL,NULL,"This card is used to Ritual Summon ""Relinquished"". You must also Tribute a monster from your hand or field whose Level is 1 or more."
"Black Luster Ritual","55761792","Spell Card","Ritual",NULL,NULL,NULL,"This card is used to Ritual Summon ""Black Luster Soldier"". You must also Tribute monsters from your hand or field whose total Levels equal 8 or more."
"Black Luster Soldier","5405694","Ritual Monster","Warrior","EARTH","3000","2500","You can Ritual Summon this card with ""Black Luster Ritual""."
"Black Skull Dragon","11901678","Fusion Monster","Dragon","DARK","3200","2500","""Summoned Skull"" + ""Red-Eyes Black Dragon""

(This card is always treated as an ""Archfiend"" card.)"
"Blackland Fire Dragon","87564352","Normal Monster","Dragon","DARK","1500","800","A dragon that dwells in the depths of darkness, its vulnerability lies in its poor eyesight."
"Blast Sphere","26302522","Effect Monster","Machine","DARK","1400","1400","If this face-down Defense Position card was attacked by an opponent's monster, before damage calculation: Equip this card to the attacking monster. Then, during your opponent's next Standby Phase: Destroy the monster this card is equipped to, and if you do, inflict damage to your opponent equal to the ATK the destroyed monster had on the field."
"Block Attack","25880422","Spell Card","Normal",NULL,NULL,NULL,"Target 1 face-up Attack Position monster your opponent controls; change that target to face-up Defense Position."
"Blue-Eyes Toon Dragon","53183600","Toon Monster","Dragon","LIGHT","3000","2500","Cannot be Normal Summoned/Set. Must first be Special Summoned (from your hand) by Tributing 2 monsters, while you control ""Toon World"". Cannot attack the turn it is Special Summoned. You must pay 500 LP to declare an attack with this monster. If ""Toon World"" on the field is destroyed, destroy this card. Can attack your opponent directly, unless they control a Toon monster, in which case this card must target a Toon monster for its attacks."
"Blue-Eyes Ultimate Dragon","23995346","Fusion Monster","Dragon","LIGHT","4500","3800","""Blue-Eyes White Dragon"" + ""Blue-Eyes White Dragon"" + ""Blue-Eyes White Dragon"""
"Blue-Eyes White Dragon","89631139","Normal Monster","Dragon","LIGHT","3000","2500","This legendary dragon is a powerful engine of destruction. Virtually invincible, very few have faced this awesome creature and lived to tell the tale."
"Bolt Escargot","12146024","Normal Monster","Thunder","WATER","1400","1500","After rendering an opponent immobile by spitting a sticky goo, this monster closes in for the attack."
"Book of Secret Arts","91595718","Spell Card","Equip",NULL,NULL,NULL,"A Spellcaster-Type monster equipped with this card increases its ATK and DEF by 300 points."
"Boulder Tortoise","9540040","Normal Monster","Aqua","WATER","1450","2200","A stone turtle that is nearly indestructible."
"Brain Control","87910978","Spell Card","Normal",NULL,NULL,NULL,"Pay 800 LP, then target 1 face-up monster your opponent controls that can be Normal Summoned/Set; take control of that target until the End Phase."
"Breath of Light","20101223","Spell Card","Normal",NULL,NULL,NULL,"Destroy all face-up Rock-Type monsters on the field."
"Burning Land","24294108","Spell Card","Continuous",NULL,NULL,NULL,"When this card is activated: If there are any Field Spell Cards on the field, destroy them. During each player's Standby Phase: The turn player takes 500 damage."
"Call of the Haunted","97077563","Trap Card","Continuous",NULL,NULL,NULL,"Activate this card by targeting 1 monster in your GY; Special Summon that target in Attack Position. When this card leaves the field, destroy that monster. When that monster is destroyed, destroy this card."
"Cannon Soldier","11384280","Effect Monster","Machine","DARK","1400","1300","You can Tribute 1 monster; inflict 500 damage to your opponent."
"Castle of Dark Illusions","62121","Flip Effect Monster","Fiend","DARK","920","1930","FLIP: All Zombie-Type monsters gain 200 ATK and DEF. During each of your next 4 Standby Phases, each of those Zombie-Type monsters gains 200 more ATK and DEF. These effects last as long as this card is face-up on the field."
"Catapult Turtle","95727991","Effect Monster","Aqua","WATER","1000","2000","Once per turn: You can Tribute 1 monster; inflict damage to your opponent equal to half the Tributed monster's ATK on the field."
"Celtic Guardian","91152256","Normal Monster","Warrior","EARTH","1400","1200","An elf who learned to wield a sword, he baffles enemies with lightning-swift attacks."
"Chain Energy","79323590","Spell Card","Continuous",NULL,NULL,NULL,"Each player must pay 500 Life Points per card to Normal Summon, Special Summon, Set or activate cards from his/her respective hand."
"Change of Heart","4031928","Spell Card","Normal",NULL,NULL,NULL,"Target 1 monster your opponent controls; take control of it until the End Phase."
"Claw Reacher","41218256","Normal Monster","Fiend","DARK","1000","800","Stretching arms and razor-sharp claws make this monster a formidable opponent."
"Clown Zombie","92667214","Normal Monster","Zombie","DARK","1350","0","A clown revived by the powers of darkness. Its deadly dance has sent many monsters to their graves."
"Cocoon of Evolution","40240595","Effect Monster","Insect","EARTH","0","2000","You can target 1 ""Petit Moth"" you control; equip this card from your hand to that target. While equipped by this effect, the original ATK/DEF of that ""Petit Moth"" becomes the ATK/DEF of ""Cocoon of Evolution""."
"Copycat","26376390","Effect Monster","Spellcaster","LIGHT","0","0","If this card is Summoned: Target 1 face-up monster your opponent controls; this card's ATK/DEF become equal to that monster's original ATK/DEF."
"Crass Clown","93889755","Effect Monster","Fiend","DARK","1350","1400","When this card is changed from Defense Position to Attack Position, return 1 monster on your opponent's side of the field to the owner's hand."
"Crawling Dragon","67494157","Normal Monster","Dragon","EARTH","1600","1400","This weakened dragon can no longer fly, but is still a deadly force to be reckoned with."
"Curse of Dragon","28279543","Normal Monster","Dragon","DARK","2000","1500","A wicked dragon that taps into dark forces to execute a powerful attack."
"Cyber Commander","6400512","Normal Monster","Machine","DARK","750","700","A strike force equipped with rocket launchers and bazookas."
"Cyber Shield","63224564","Spell Card","Equip",NULL,NULL,NULL,"Equip only to ""Harpie Lady"" or ""Harpie Lady Sisters"". It gains 500 ATK."
"Cyber Soldier","44865098","Normal Monster","Machine","DARK","1500","1700","Guardian of the Machine Master, it crushes opposition by rolling over them."
"Dark Chimera","32344688","Normal Monster","Fiend","DARK","1610","1460","A fire-breathing monster that dwells in the netherworld."
"Dark Magician","46986414","Normal Monster","Spellcaster","DARK","2500","2100","The ultimate wizard in terms of attack and defense."
"Dark Rabbit","99261403","Normal Monster","Beast","DARK","1100","1500","He leaps up, down, and all around! Nobody can lay a hand on this funny bunny."
"Dark Sage","92377303","Effect Monster","Spellcaster","DARK","2800","3200","Cannot be Normal Summoned/Set. Must first be Special Summoned (from your hand or Deck) by Tributing 1 ""Dark Magician"" immediately after applying the effect of ""Time Wizard"" in which you called the coin toss right. When Special Summoned this way: Add 1 Spell Card from your Deck to your hand."
"Dark-Eyes Illusionist","38247752","Flip Effect Monster","Spellcaster","DARK","0","1400","FLIP: Target 1 monster on the field; it cannot attack while this card is face-up on the field."
"De-Spell","19159413","Spell Card","Normal",NULL,NULL,NULL,"Target 1 face-up Spell, or 1 Set Spell/Trap, on the field; destroy that target if it is a Spell. (If the target is Set, reveal it.)"
"Destroyer Golem","73481154","Normal Monster","Rock","EARTH","1500","1000","A golem with a massive right hand for crushing its victims."
"Doma the Angel of Silence","16972957","Normal Monster","Fairy","DARK","1600","1400","This fairy rules over the end of existence."
"Dragon Capture Jar","50045299","Trap Card","Continuous",NULL,NULL,NULL,"Change all face-up Dragon-Type monsters on the field to Defense Position, also they cannot change their battle positions."
"Dragon Piper","55763552","Flip Effect Monster","Pyro","FIRE","200","1800","FLIP: Destroy all face-up ""Dragon Capture Jar""(s) on the field. If you destroy any, change all face-up Dragon-Type monsters on the field to Attack Position."
"Dungeon Worm","51228280","Normal Monster","Insect","EARTH","1800","1500","Hidden under the floors of a labyrinth, it swallows any who pass above."
"Electric Snake","11324436","Effect Monster","Thunder","LIGHT","800","900","When this card is discarded from your hand to the Graveyard by an effect of a card controlled by your opponent, draw 2 cards from your Deck."
"Elegant Egotist","90219263","Spell Card","Normal",NULL,NULL,NULL,"If ""Harpie Lady"" is on the field: Special Summon 1 ""Harpie Lady"" or ""Harpie Lady Sisters"" from your hand or Deck."
"Elf's Light","39897277","Spell Card","Equip",NULL,NULL,NULL,"A LIGHT monster equipped with this card increases its ATK by 400 points and decreases its DEF by 200 points."
"Empress Judge","15237615","Fusion Monster","Warrior","EARTH","2100","1700","""Queen's Double"" + ""Hibikime"""
"Exodia the Forbidden One","33396948","Effect Monster","Spellcaster","DARK","1000","1000","If you have ""Right Leg of the Forbidden One"", ""Left Leg of the Forbidden One"", ""Right Arm of the Forbidden One"" and ""Left Arm of the Forbidden One"" in addition to this card in your hand, you win the Duel."
"Fairy's Gift","68401546","Normal Monster","Spellcaster","LIGHT","1400","1000","This flying monster is known for delivering happiness to all."
"Feral Imp","41392891","Normal Monster","Fiend","DARK","1300","1400","A playful little fiend that lurks in the dark, waiting to attack an unwary enemy."
"Fiend Kraken","77456781","Normal Monster","Aqua","WATER","1200","1400","A giant squid that drags its enemies to a watery grave."
"Flame Cerebrus","60862676","Normal Monster","Pyro","FIRE","2100","1800","Known to many as the ""Burning Executioner"", this monster is capable of burning enemies to cinders."
"Flame Swordsman","45231177","Fusion Monster","Warrior","FIRE","1800","1600","""Flame Manipulator"" + ""Masaki the Legendary Swordsman"""
"Flying Elephant","66765023","Effect Monster","Beast","WIND","1850","1300","Once per opponent's turn, if this card would be destroyed by their card effect, it is not destroyed. Once per turn, during their End Phase, if that effect was applied this turn: Apply the following effect.
● During your next turn, if this card inflicts battle damage to your opponent by a direct attack, you win the Duel."
"Gaia the Dragon Champion","66889139","Fusion Monster","Dragon","WIND","2600","2100","""Gaia The Fierce Knight"" + ""Curse of Dragon"""
"Gaia The Fierce Knight","6368038","Normal Monster","Warrior","EARTH","2300","2100","A knight whose horse travels faster than the wind. His battle-charge is a force to be reckoned with."
"Garnecia Elefantis","49888191","Normal Monster","Beast-Warrior","EARTH","2400","2000","A monster so heavy that each step rocks the earth."
"Garoozis","14977074","Normal Monster","Beast-Warrior","FIRE","1800","1500","An axe-swinging beast-warrior with the head of a dragon."
"Gate Guardian","25833572","Effect Monster","Warrior","DARK","3750","3400","Cannot be Normal Summoned/Set. Must first be Special Summoned (from your hand) by Tributing 1 ""Sanga of the Thunder"", ""Kazejin"", and ""Suijin""."
"Gatekeeper","19737320","Normal Monster","Machine","DARK","1500","1800","An indestructible mechanoid created for the sole purpose of guarding the gateways."
"Giant Soldier of Stone","13039848","Normal Monster","Rock","EARTH","1300","2000","A giant warrior made of stone. A punch from this creature has earth-shaking results."
"Gift of the Mystical Elf","98299011","Trap Card","Normal",NULL,NULL,NULL,"Increase your Life Points by 300 points for each monster on the field."
"Giganto","33621868","Normal Monster","Machine","DARK","1700","1800","A massive steel ball that mows down anything in its path."
"Giltia the D. Knight","51828629","Fusion Monster","Warrior","LIGHT","1850","1500","""Guardian of the Labyrinth"" + ""Protector of the Throne"""
"Gokibore","15367030","Normal Monster","Insect","EARTH","1200","1400","A large, spherical roach that attacks its enemies by rolling over them."
"Gorgon's Eye","52648457","Trap Card","Normal",NULL,NULL,NULL,"Until the end of this turn, all effects of Defense Position monsters are negated."
"Graverobber","61705417","Trap Card","Normal",NULL,NULL,NULL,"Select 1 Spell Card from your opponent's Graveyard. You can use it as your hand until the end of the turn. If you use it, you take 2000 points of damage."
"Griffore","53829412","Normal Monster","Beast","EARTH","1200","1500","This monster's tough hide deflects almost any attack."
"Gyakutenno Megami","31122090","Normal Monster","Fairy","LIGHT","1800","2000","This fairy uses her mystical power to protect the weak and provide spiritual support."
"Happy Lover","99030164","Normal Monster","Fairy","LIGHT","800","500","Enemies become overjoyed when struck by the Heart Ray emitted from the forehead of this tiny cherub."
"Harpie Lady","76812113","Normal Monster","Winged Beast","WIND","1300","1400","This human-shaped animal with wings is beautiful to watch but deadly in battle."
"Harpie Lady Sisters","12206212","Effect Monster","Winged Beast","WIND","1950","2100","Cannot be Normal Summoned/Set. Must first be Special Summoned with ""Elegant Egotist""."
"Harpie's Feather Duster","18144507","Spell Card","Normal",NULL,NULL,NULL,"Destroy all Spell and Trap Cards your opponent controls."
"Harpie's Pet Dragon","52040216","Effect Monster","Dragon","WIND","2000","2500","Gains 300 ATK/DEF for each ""Harpie Lady"" on the field."
"Hercules Beetle","52584282","Normal Monster","Insect","EARTH","1500","2000","A massive beetle with a tough carapace and a dangerous horn."
"Hitotsu-Me Giant","76184692","Normal Monster","Beast-Warrior","EARTH","1200","1000","A one-eyed behemoth with thick, powerful arms made for delivering punishing blows."
"Horn Imp","69669405","Normal Monster","Fiend","DARK","1300","1000","A small fiend that dwells in the dark, its single horn makes it a formidable opponent."
"Horn of Heaven","98069388","Trap Card","Counter",NULL,NULL,NULL,"When a monster(s) would be Summoned: Tribute 1 monster; negate the Summon, and if you do, destroy that monster(s)."
"Horn of the Unicorn","64047146","Spell Card","Equip",NULL,NULL,NULL,"The equipped monster gains 700 ATK and DEF. When this card is sent from the field to the Graveyard: Return it to the top of the Deck."
"Illusionist Faceless Mage","28546905","Normal Monster","Spellcaster","DARK","1200","2200","Manipulates enemy attacks with the power of illusion."
"Invigoration","98374133","Spell Card","Equip",NULL,NULL,NULL,"An EARTH monster equipped with this card increases its ATK by 400 points and decreases its DEF by 200 points."
"Jellyfish","14851496","Normal Monster","Aqua","WATER","1200","1500","An almost invisible, semi-transparent jellyfish that drifts in the sea."
"Jigen Bakudan","90020065","Flip Effect Monster","Pyro","FIRE","200","1000","FLIP: After this card is flipped, Tribute it during your Standby Phase to destroy all monsters you control and inflict damage equal to half of the total ATK of the destroyed cards (excluding this monster) to your opponent."
"Jirai Gumo","94773007","Effect Monster","Insect","EARTH","2200","100","When this card declares an attack: Toss a coin and call it. If you call it wrong, lose half your Life Points."
"Judge Man","30113682","Normal Monster","Warrior","EARTH","2200","1500","This club-wielding warrior battles to the end and will never surrender."
"Just Desserts","24068492","Trap Card","Normal",NULL,NULL,NULL,"Inflict 500 damage to your opponent for each monster they control."
"Kagemusha of the Blue Flame","15401633","Normal Monster","Warrior","EARTH","800","400","Serving as a double for the Ruler of the Blue Flame, he's a master swordsman that wields a fine blade."
"Kageningen","80600490","Normal Monster","Warrior","DARK","800","600","He yoozes both a physical and a shadow form ta attack. So he's a tough monstah ta beat!"
"Kamakiriman","68928540","Normal Monster","Insect","EARTH","1150","1400","A man-shaped mantis with two razor-sharp scythes."
"Kazejin","62340868","Effect Monster","Spellcaster","WIND","2400","2200","During damage calculation in your opponent's turn, if this card is being attacked: You can target the attacking monster; make that target's ATK 0 during damage calculation only (this is a Quick Effect). This effect can only be used once while this card is face-up on the field."
"Killer Needle","88979991","Normal Monster","Insect","WIND","1200","1000","A huge bee with exceptional strength that's particularly dangerous in a swarm."
"King of Yamimakai","69455834","Normal Monster","Fiend","DARK","2000","1530","Wields the power of darkness to destroy its enemies."
"Koumori Dragon","67724379","Normal Monster","Dragon","DARK","1500","1200","A vicious, fire-breathing dragon whose wicked flame corrupts the souls of its victims."
"Kunai with Chain","37390589","Trap Card","Normal",NULL,NULL,NULL,"Activate 1 or both of these effects (simultaneously).
● When an opponent's monster declares an attack: Target the attacking monster; change that target to Defense Position.
● Target 1 face-up monster you control; equip this card to that target. It gains 500 ATK."
"Kuriboh","40640057","Effect Monster","Fiend","DARK","300","200","During damage calculation, if your opponent's monster attacks (Quick Effect): You can discard this card; you take no battle damage from that battle."
"La Jinn the Mystical Genie of the Lamp","97590747","Normal Monster","Fiend","DARK","1800","1000","A genie of the lamp that is at the beck and call of its master."
"Labyrinth Tank","99551425","Fusion Monster","Machine","DARK","2400","2400","""Giga-Tech Wolf"" + ""Cannon Soldier"""
"Labyrinth Wall","67284908","Normal Monster","Rock","EARTH","0","3000","These walls form a labyrinth with no exit for enemies."
"Lady of Faith","17358176","Normal Monster","Spellcaster","LIGHT","1100","800","Soothes the souls of others by chanting a mysterious spell."
"Larvae Moth","87756343","Effect Monster","Insect","EARTH","500","400","This monster cannot be Normal Summoned or Set. This card can only be Special Summoned by Tributing ""Petit Moth"" during your 2nd turn after ""Petit Moth"" has been equipped with ""Cocoon of Evolution""."
"Laser Cannon Armor","77007920","Spell Card","Equip",NULL,NULL,NULL,"Equip only to an Insect monster. It gains 300 ATK/DEF."
"Launcher Spider","87322377","Normal Monster","Machine","FIRE","2200","2500","A mechanical spider with rocket launchers capable of random fire."
"Lava Battleguard","20394040","Effect Monster","Warrior","EARTH","1550","1800","This card gains 500 ATK for each ""Swamp Battleguard"" you control."
"Left Arm of the Forbidden One","7902349","Normal Monster","Spellcaster","DARK","200","300","A forbidden left arm sealed by magic. Whosoever breaks this seal will know infinite power."
"Left Leg of the Forbidden One","44519536","Normal Monster","Spellcaster","DARK","200","300","A forbidden left leg sealed by magic. Whosoever breaks this seal will know infinite power."
"Leogun","10538007","Normal Monster","Beast","EARTH","1750","1550","Huge monster with a lion's mane similar to the King of Beasts."
"M-Warrior #1","56342351","Normal Monster","Warrior","EARTH","1000","500","Specializing in combination attacks, this warrior uses magnetism to block an enemy's escape."
"M-Warrior #2","92731455","Normal Monster","Warrior","EARTH","500","1000","Specializing in combination attacks, this warrior is equipped with a tough, magnetically coated armor."
"Magical Hats","81210420","Trap Card","Normal",NULL,NULL,NULL,"During your opponent's Battle Phase: Choose 2 Spell/Trap Cards from your Deck and 1 monster in your Main Monster Zone. Special Summon them as Normal Monsters (ATK 0/DEF 0) in face-down Defense Position, Set the chosen monster if it is face-up, and shuffle them on the field. The 2 cards chosen from your Deck are destroyed at the end of the Battle Phase, and cannot remain on the field except during this Battle Phase."
"Magical Labyrinth","64389297","Spell Card","Equip",NULL,NULL,NULL,"Equip only to ""Labyrinth Wall"". You can Tribute the equipped monster; Special Summon ""Wall Shadow"" from your Deck."
"Magician of Black Chaos","30208479","Ritual Monster","Spellcaster","DARK","2800","2600","You can Ritual Summon this card with ""Black Magic Ritual""."
"Magician of Faith","31560081","Flip Effect Monster","Spellcaster","LIGHT","300","400","FLIP: Target 1 Spell in your GY; add that target to your hand."
"Makiu, the Magical Mist","27827272","Spell Card","Normal",NULL,NULL,NULL,"Target 1 ""Summoned Skull"", or 1 Thunder monster, in your Monster Zone; destroy all monsters your opponent controls with DEF less than or equal to the ATK of that monster. You cannot conduct your Battle Phase the turn you activate this card."
"Mammoth Graveyard","40374923","Normal Monster","Dinosaur","EARTH","1200","800","A mammoth that protects the graves of its pack and is absolutely merciless when facing grave-robbers."
"Man-Eater Bug","54652250","Flip Effect Monster","Insect","EARTH","450","600","FLIP: Target 1 monster on the field; destroy it."
"Manga Ryu-Ran","38369349","Toon Monster","Dragon","FIRE","2200","2600","(This card is always treated as a ""Toon"" card.)
Cannot be Normal Summoned/Set. Must first be Special Summoned (from your hand) by Tributing 2 monsters, while you control ""Toon World"". Cannot attack the turn it is Special Summoned. You must pay 500 LP to declare an attack with this monster. If ""Toon World"" on the field is destroyed, destroy this card. Can attack your opponent directly, unless they control a Toon monster, in which case this card must target a Toon monster for its attacks."
"Masaki the Legendary Swordsman","44287299","Normal Monster","Warrior","EARTH","1100","1100","Legendary swordmaster Masaki is a veteran of over 100 battles."
"Mask of Darkness","28933734","Flip Effect Monster","Fiend","DARK","900","400","FLIP: Target 1 Trap in your GY; add that target to your hand."
"Meotoko","53832650","Normal Monster","Beast","EARTH","700","600","Dis big ol' guy wit' a big ol' eye shoots a nasty ray beam right atcha!"
"Mesmeric Control","48642904","Spell Card","Normal",NULL,NULL,NULL,"During your opponent's next turn after you activate this card, your opponent cannot change the battle positions of monsters, except with a card effect."
"Metal Guardian","68339286","Normal Monster","Fiend","DARK","1150","2150","A fiend guarding the treasures of the netherworld, it's most at home in the dark."
"Metalzoa","50705071","Effect Monster","Machine","DARK","3000","2300","Cannot be Normal Summoned/Set. Must first be Special Summoned (from your Deck) by Tributing ""Zoa"" equipped with ""Metalmorph""."
"Millennium Golem","47986555","Normal Monster","Rock","EARTH","2000","2200","For nearly a millennium, this golem has served as guardian of an ancient treasure trove."
"Millennium Shield","32012841","Normal Monster","Warrior","EARTH","0","3000","A famous shield said to belong to an ancient Egyptian Pharaoh. Legends tell of its power to block any strong attack."
"Mirror Force","44095762","Trap Card","Normal",NULL,NULL,NULL,"When an opponent's monster declares an attack: Destroy all your opponent's Attack Position monsters."
"Mirror Wall","22359980","Trap Card","Continuous",NULL,NULL,NULL,"Each of your opponent's monsters that conducted an attack while this card was face-up on the field has its ATK halved as long as this card remains on the field. During each of your Standby Phases, pay 2000 LP or destroy this card."
"Monster Reborn","83764719","Spell Card","Normal",NULL,NULL,NULL,"Target 1 monster in either GY; Special Summon it."
"Monster Recovery","93108433","Spell Card","Quick-Play",NULL,NULL,NULL,"Target 1 monster you control that is owned by you; if that monster is still on the field, shuffle it and your entire hand into the Deck, also, after that, draw cards equal to the number of cards you shuffled from your hand into the Deck by this effect. (You cannot activate this card if you have a card in your hand that is owned by your opponent.)"
"Monster Tamer","97612389","Normal Monster","Warrior","EARTH","1800","1600","A master of monsters that exercises control over several creatures."
"Monstrous Bird","35712107","Normal Monster","Winged Beast","WIND","2000","1900","Few have set eyes on this dive-bombing bird and lived to tell the tale."
"Mooyan Curry","58074572","Spell Card","Normal",NULL,NULL,NULL,"Choose 1 player; that player gains 200 Life Points."
"Morphing Jar","33508719","Flip Effect Monster","Rock","EARTH","700","600","FLIP: Both players discard as many cards as possible from their hands, then each player draws 5 cards."
"Multiply","40703222","Spell Card","Quick-Play",NULL,NULL,NULL,"Tribute 1 face-up ""Kuriboh""; Special Summon as many ""Kuriboh Tokens"" (Fiend/DARK/Level 1/ATK 300/DEF 200) as possible, in Defense Position. They cannot be Tributed for a Tribute Summon."
"Mystic Box","25774450","Spell Card","Normal",NULL,NULL,NULL,"Target 1 monster your opponent controls and 1 monster you control; destroy the first target, then give control of the second target to your opponent."
"Mystic Horseman","68516705","Normal Monster","Beast","EARTH","1300","1550","Half man and half horse, this monster is known for its extreme speed."
"Mystical Elf","15025844","Normal Monster","Spellcaster","LIGHT","800","2000","A delicate elf that lacks offense, but has a terrific defense backed by mystical power."
"Negate Attack","14315573","Trap Card","Counter",NULL,NULL,NULL,"When an opponent's monster declares an attack: Target the attacking monster; negate the attack, then end the Battle Phase."
"Parrot Dragon","62762898","Normal Monster","Dragon","WIND","2000","1300","A dragon from the cartoons that's more dangerous than it appears to be."
"Penguin Knight","36039163","Effect Monster","Aqua","WATER","900","800","When this card is sent directly from your Deck to the Graveyard by an effect of a card controlled by your opponent, unite your Graveyard cards and your own Deck, shuffle them and form a new Deck."
"Petit Angel","38142739","Normal Monster","Fairy","LIGHT","600","900","A quick-moving and tiny fairy that's very difficult to hit."
"Polymerization","24094653","Spell Card","Normal",NULL,NULL,NULL,"Fusion Summon 1 Fusion Monster from your Extra Deck, using monsters from your hand or field as Fusion Material."
"Pumpking the King of Ghosts","29155212","Effect Monster","Zombie","DARK","1800","2000","If ""Castle of Dark Illusions"" is face-up on the field, increase the ATK and DEF of this card by 100 points. As long as this ""Castle of Dark Illusions"" remains face-up on the field, the ATK and DEF of this card continues to increase by 100 points during each of your Standby Phases. This effect continues until your 4th turn after the card is activated."
"Punished Eagle","74703140","Fusion Monster","Winged Beast","WIND","2100","1800","""Blue-Winged Crown"" + ""Niwatori"""
"Rabid Horseman","94905343","Fusion Monster","Beast-Warrior","EARTH","2000","1700","""Battle Ox"" + ""Mystic Horseman"""
"Reaper of the Cards","33066139","Flip Effect Monster","Fiend","DARK","1380","1930","FLIP: Select 1 Trap Card on the field and destroy it. If the selected card is Set, pick up and see the card. If it is a Trap Card, it is destroyed. If it is a Spell Card, return it to its original position."
"Red Archery Girl","65570596","Normal Monster","Aqua","WATER","1400","1500","A mermaid archer that hides in a protective shell, waiting for the right moment to strike."
"Red Medicine","38199696","Spell Card","Normal",NULL,NULL,NULL,"Increase your Life Points by 500 points."
"Red-Eyes Black Dragon","74677422","Normal Monster","Dragon","DARK","2400","2000","A ferocious dragon with a deadly attack."
"Red-Eyes Black Metal Dragon","64335805","Effect Monster","Machine","DARK","2800","2400","Cannot be Normal Summoned/Set. Must first be Special Summoned (from your Deck) by Tributing ""Red-Eyes B. Dragon"" equipped with ""Metalmorph""."
"Relinquished","64631466","Ritual Effect Monster","Spellcaster","DARK","0","0","You can Ritual Summon this card with ""Black Illusion Ritual"". Once per turn: You can target 1 monster your opponent controls; equip that target to this card (max. 1). This card's ATK/DEF become equal to that equipped monster's. If this card would be destroyed by battle, destroy that equipped monster instead. While equipped with that monster, any battle damage you take from battles involving this card inflicts equal effect damage to your opponent."
"Remove Trap","51482758","Spell Card","Normal",NULL,NULL,NULL,"Select 1 face-up Trap Card on the field and destroy it."
"Right Arm of the Forbidden One","70903634","Normal Monster","Spellcaster","DARK","200","300","A forbidden right arm sealed by magic. Whosoever breaks this seal will know infinite power."
"Right Leg of the Forbidden One","8124921","Normal Monster","Spellcaster","DARK","200","300","A forbidden right leg sealed by magic. Whosoever breaks this seal will know infinite power."
"Ring of Magnetism","20436034","Spell Card","Equip",NULL,NULL,NULL,"You can only equip this card to a monster on your side of the field. Decrease the ATK and DEF of a monster equipped with this card by 500 points. In addition, all the monsters on your opponent's side of the field can only attack the monster equipped with this card, if they attack."
"Riryoku","34016756","Spell Card","Normal",NULL,NULL,NULL,"Target 2 face-up monsters on the field; halve the ATK of 1 monster, and if you do, add that lost ATK to the other monster. These effects last until the end of this turn."
"Roaring Ocean Snake","19066538","Fusion Monster","Aqua","WATER","2100","1800","""Mystic Lamp"" + ""Hyosube"""
"Rock Ogre Grotto #1","68846917","Normal Monster","Rock","EARTH","800","1200","Protected by a solid body of rock, this monster throws a bone-shattering punch."
"Royal Guard","39239728","Normal Monster","Machine","EARTH","1900","2200","A mechanized soldier created to protect royalty."
"Rude Kaiser","26378150","Normal Monster","Beast-Warrior","EARTH","1800","1600","With an axe in each hand, this monster delivers heavy damage."
"Ryu-Kishin Powered","24611934","Normal Monster","Fiend","DARK","1600","1200","A gargoyle enhanced by the powers of darkness. Very sharp talons make it a worthy opponent."
"Ryu-Ran","2964201","Normal Monster","Dragon","FIRE","2200","2600","A vicious little dragon sheltered in an egg that looks deceptively harmless."
"Saggi the Dark Clown","66602787","Normal Monster","Spellcaster","DARK","600","1500","This clown appears from nowhere and executes very strange moves to avoid enemy attacks."
"Salamandra","32268901","Spell Card","Equip",NULL,NULL,NULL,"Equip only to a FIRE monster. It gains 700 ATK."
"Sanga of the Thunder","25955164","Effect Monster","Thunder","LIGHT","2600","2200","During damage calculation in your opponent's turn, if this card is being attacked: You can target the attacking monster; make that target's ATK 0 during damage calculation only (this is a Quick Effect). This effect can only be used once while this card is face-up on the field."
"Sangan","26202165","Effect Monster","Fiend","DARK","1000","600","If this card is sent from the field to the GY: Add 1 monster with 1500 or less ATK from your Deck to your hand, but you cannot activate cards, or the effects of cards, with that name for the rest of this turn. You can only use this effect of ""Sangan"" once per turn."
"Sea King Dragon","23659124","Normal Monster","Sea Serpent","WATER","2000","1700","Protected by a tough shell, this master of the sea attacks its enemies with toxic bubbles."
"Shadow Ghoul","30778711","Effect Monster","Zombie","DARK","1600","1300","This card gains 100 ATK for each monster in your Graveyard."
"Shadow of Eyes","58621589","Trap Card","Normal",NULL,NULL,NULL,"When a monster(s) is Set on your opponent's field: Target 1 of those Set monsters; change that Set monster to face-up Attack Position. (Flip Effects are not activated.)"
"Shadow Spell","29267084","Trap Card","Continuous",NULL,NULL,NULL,"Activate this card by targeting 1 face-up monster your opponent controls; it loses 700 ATK, also it cannot attack or change its battle position. When it leaves the field, destroy this card."
"Shield & Sword","52097679","Spell Card","Normal",NULL,NULL,NULL,"Switch the original ATK and DEF of all face-up monsters currently on the field, until the end of this turn."
"Shine Palace","82878489","Spell Card","Equip",NULL,NULL,NULL,"Equip only to a LIGHT monster. It gains 700 ATK."
"Shining Friendship","82085619","Normal Monster","Fairy","LIGHT","1300","1100","The peacemaker among monsters."
"Silver Bow and Arrow","1557499","Spell Card","Equip",NULL,NULL,NULL,"A Fairy-Type monster equipped with this card increases its ATK and DEF by 300 points."
"Silver Fang","90357090","Normal Monster","Beast","EARTH","1200","800","A snow wolf that's beautiful to the eye, but absolutely vicious in battle."
"Skelengel","60694662","Flip Effect Monster","Fairy","LIGHT","900","400","FLIP: Draw 1 card."
"Skelgon","32355828","Fusion Monster","Zombie","DARK","1700","1900","""The Snake Hair"" + ""Blackland Fire Dragon"""
"Skull Stalker","54844990","Normal Monster","Warrior","DARK","900","800","Foist he's gonna grab yer monstah wit' his claws, den attack again wit' his poizin stingah!"
"Slot Machine","3797883","Normal Monster","Machine","DARK","2000","2300","The machine's ability is said to vary according to its slot results."
"Spellbinding Circle","18807109","Trap Card","Continuous",NULL,NULL,NULL,"Activate this card by targeting 1 monster your opponent controls; it cannot attack or change its battle position. When that monster is destroyed, destroy this card."
"Stone Armadiller","63432835","Normal Monster","Rock","EARTH","800","1200","Dis stone crittah's got rock-hahd fur. Dat gives him some really good dee-fense!"
"Suijin","98434877","Effect Monster","Aqua","WATER","2500","2400","During damage calculation in your opponent's turn, if this card is being attacked: You can target the attacking monster; make that target's ATK 0 during damage calculation only (this is a Quick Effect). This effect can only be used once while this card is face-up on the field."
"Summoned Skull","70781052","Normal Monster","Fiend","DARK","2500","1200","A fiend with dark powers for confusing the enemy. Among the Fiend-Type monsters, this monster boasts considerable force.

"Swamp Battleguard","40453765","Effect Monster","Warrior","EARTH","1800","1500","This card gains 500 ATK for each ""Lava Battleguard"" you control."
"Sword Arm of Dragon","13069066","Normal Monster","Dinosaur","EARTH","1750","2030","This Jurassic juggernaut has a spine covered in sword-like plates, and a tail to split open skulls."
"Sword Slasher","73911410","Normal Monster","Machine","DARK","1450","1500","A lethal engine of destruction that wields two well-honed blades."
"Swords of Revealing Light","72302403","Spell Card","Normal",NULL,NULL,NULL,"After this card's activation, it remains on the field, but you must destroy it during the End Phase of your opponent's 3rd turn. When this card is activated: If your opponent controls a face-down monster, flip all monsters they control face-up. While this card is face-up on the field, your opponent's monsters cannot declare an attack."
"Swordstalker","50005633","Normal Monster","Warrior","DARK","2000","1600","A monster formed by the vengeful souls of those who passed away in battle."
"The Eye of Truth","34694160","Trap Card","Continuous",NULL,NULL,NULL,"Your opponent must keep their hand revealed. Once per turn, during your opponent's Standby Phase, if they have a Spell(s) in their hand: They gain 1000 LP if they have a Spell(s) in their hand at resolution."
"The Furious Sea King","18710707","Normal Monster","Aqua","WATER","800","700","Grand King of the Seven Seas, he's able to summon massive tidal waves to drown the enemy."
"The Snake Hair","29491031","Normal Monster","Zombie","DARK","1500","1200","A monster with a head of poison snakes. One look from this monster can turn an opponent to stone."
"The Wicked Worm Beast","6285791","Effect Monster","Beast","EARTH","1400","700","This face-up card on the field is returned to the owner's hand during the End Phase of your turn."
"Thousand-Eyes Idol","27125110","Normal Monster","Spellcaster","DARK","0","0","A wicked entity that controls the hearts of men, its thousand eyes are able to see and expand the negative influences in an individual's soul."
"Thousand-Eyes Restrict","63519819","Fusion Monster","Spellcaster","DARK","0","0","""Relinquished"" + ""Thousand-Eyes Idol""
Other monsters on the field cannot change their battle positions or attack. Once per turn: You can target 1 monster your opponent controls; equip that target to this card (max. 1). This card's ATK/DEF become equal to that equipped monster's. If this card would be destroyed by battle, destroy that equipped monster instead."
"Tiger Axe","49791927","Normal Monster","Beast-Warrior","EARTH","1300","1100","A fast and powerful axe-wielding beast-warrior."
"Time Machine","80987696","Trap Card","Normal",NULL,NULL,NULL,"When a monster is destroyed by battle and sent to the GY: Special Summon that monster to the same field it was on, in the same battle position it was in when destroyed."
"Time Wizard","71625222","Effect Monster","Spellcaster","LIGHT","500","400","Once per turn: You can toss a coin and call it. If you call it right, destroy all monsters your opponent controls. If you call it wrong, destroy as many monsters you control as possible, and if you do, take damage equal to half the total ATK those destroyed monsters had while face-up on the field."
"Togex","33878931","Normal Monster","Beast","EARTH","1600","1800","An agile monster that rolls up to ram its opponents."
"Toon Alligator","59383041","Normal Monster","Reptile","WATER","800","1600","An alligator monster straight from the cartoons."
"Toon Mermaid","65458948","Toon Monster","Aqua","WATER","1400","1500","Cannot be Normal Summoned/Set. Must first be Special Summoned (from your hand), while you control ""Toon World"". Cannot attack the turn it is Special Summoned. You must pay 500 LP to declare an attack with this monster. If ""Toon World"" on the field is destroyed, destroy this card. Can attack your opponent directly, unless they control a Toon monster, in which case this card must target a Toon monster for its attacks."
"Toon Summoned Skull","91842653","Toon Monster","Fiend","DARK","2500","1200","(This card is always treated as an ""Archfiend"" card.)
Cannot be Normal Summoned/Set. Must first be Special Summoned (from your hand) by Tributing 1 monster, while you control ""Toon World"". Cannot attack the turn it is Special Summoned. You must pay 500 LP to declare an attack with this monster. If ""Toon World"" on the field is destroyed, destroy this card. Can attack your opponent directly, unless they control a Toon monster, in which case this card must target a Toon monster for its attacks."
"Toon World","15259703","Spell Card","Continuous",NULL,NULL,NULL,"Activate this card by paying 1000 LP."
"Torike","80813021","Normal Monster","Beast","EARTH","1200","600","Although a poor defender, this monster's sharp horn gives it an edge when attacking."
"Tribute to The Doomed","79759861","Spell Card","Normal",NULL,NULL,NULL,"Discard 1 card, then target 1 monster on the field; destroy it."
"Two-Headed King Rex","94119974","Normal Monster","Dinosaur","EARTH","1600","1200","A powerful monster whose two heads attack as one."
"Waboku","12607053","Trap Card","Normal",NULL,NULL,NULL,"You take no battle damage from your opponent's monsters this turn. Your monsters cannot be destroyed by battle this turn."
"Wall Shadow","63162310","Effect Monster","Warrior","DARK","1600","3000","Cannot be Normal Summoned/Set. Must first be Special Summoned with ""Magical Labyrinth""."
"White Magical Hat","15150365","Effect Monster","Spellcaster","LIGHT","1000","700","When this card inflicts Battle Damage to your opponent's Life Points, your opponent discards 1 card randomly from his/her hand."
"Witch of the Black Forest","78010363","Effect Monster","Spellcaster","DARK","1100","1200","If this card is sent from the field to the GY: Add 1 monster with 1500 or less DEF from your Deck to your hand, but you cannot activate cards, or the effects of cards, with that name for the rest of this turn. You can only use this effect of ""Witch of the Black Forest"" once per turn."
"Zanki","30090452","Normal Monster","Warrior","EARTH","1500","1700","His swiftly drawn blade delivers quick and fatal damage."
"Zoa","24311372","Normal Monster","Fiend","DARK","2600","1900","A monster whose full potential can be achieved when outfitted with ""Metalmorph""."
"Zombie Warrior","31339260","Fusion Monster","Zombie","DARK","1200","900","""Skull Servant"" + ""Battle Warrior"""
"Alligator's Sword","64428736","Normal Monster","Beast","EARTH","1500","1200","ey, dis mighty lissard man can swing his sword so fast, dat it's more dan da speed a sound!"
"Alligator's Sword Dragon","3366982","Fusion Monster","Dragon","WIND","1700","1500","""Baby Dragon"" + ""Alligator's Sword""
This card can attack your opponent directly if the only face-up monsters they control are EARTH, WATER, or FIRE."
"Alpha The Magnet Warrior","99785935","Normal Monster","Rock","EARTH","1400","1700","Alpha, Beta, and Gamma meld as one to form a powerful monster."
"Amphibian Beast","67371383","Normal Monster","Fish","WATER","2400","2000","On land or in the sea, the speed of this monster is unmatchable."
"Amplifier","303660","Spell Card","Equip",NULL,NULL,NULL,"Equip only to ""Jinzo"". While this card is equipped, the equipped monster's effect does not negate the effects of its controller's Trap Cards. When this card is removed from the field, destroy the equipped monster. This card's activation and effect cannot be negated."
"Anti-Magic Arrows","97120394","Spell Card","Quick-Play",NULL,NULL,NULL,"At the start of the Battle Phase: For the rest of this turn after this card resolves, Spell/Trap Cards, and their effects, cannot be activated. Cards and effects cannot be activated in response to this card's activation."
"Aqua Madoor","85639257","Normal Monster","Spellcaster","WATER","1200","2000","A wizard of the waters that conjures a liquid wall to crush any enemies that oppose him."
"Army Ant Token","22493812","Token","Insect","EARTH","500","1200","Special Summoned with the effect of ""Multiplication of Ants"". This Token cannot be used as a Tribute for a Tribute Summon."
"Berfomet","77207191","Effect Monster","Fiend","DARK","1400","1800","When this card is Normal or Flip Summoned: You can add 1 ""Gazelle the King of Mythical Beasts"" from your Deck to your hand."
"Beta The Magnet Warrior","39256679","Normal Monster","Rock","EARTH","1700","1600","Alpha, Beta, and Gamma meld as one to form a powerful monster."
"Big Shield Gardna","65240384","Effect Monster","Warrior","EARTH","100","2600","When a Spell Card is activated that targets this face-down card (and no other cards) (Quick Effect): Change this card to face-up Defense Position, and if you do, negate the activation. If this card is attacked, change it to Attack Position at the end of the Damage Step."
"Black Pendant","65169794","Spell Card","Equip",NULL,NULL,NULL,"The equipped monster gains 500 ATK. When this card is sent from the field to the Graveyard: Inflict 500 damage to your opponent."
"Boar Soldier","21340051","Effect Monster","Beast-Warrior","EARTH","2000","500","If this card is Normal Summoned, destroy this card. If your opponent controls 1 or more monsters, decrease the ATK of this card by 1000 points."
"Buster Blader","78193831","Effect Monster","Warrior","EARTH","2600","2300","Gains 500 ATK for each Dragon monster your opponent controls or is in their GY."
"Card Destruction","72892473","Spell Card","Normal",NULL,NULL,NULL,"Both players discard as many cards as possible from their hands, then each player draws the same number of cards they discarded."
"Card of Safe Return","57953380","Spell Card","Continuous",NULL,NULL,NULL,"When a monster is Special Summoned from your Graveyard, you can draw 1 card."
"Card of Sanctity","42664989","Spell Card","Normal",NULL,NULL,NULL,"Banish all other cards you control and in your hand (min. 1 from each); draw until you have 2 cards in your hand."
"Cestus of Dagla","28106077","Spell Card","Equip",NULL,NULL,NULL,"Equip only to a Fairy-Type monster. It gains 500 ATK. If it inflicts battle damage to your opponent: Gain LP equal to the damage inflicted."
"Chimera the Flying Mythical Beast","4796100","Fusion Monster","Beast","WIND","2100","1800","""Gazelle the King of Mythical Beasts"" + ""Berfomet""
(This card is always treated as a ""Phantom Beast"" card.)
When this card is destroyed: You can target 1 ""Berfomet"" or 1 ""Gazelle the King of Mythical Beasts"" in your Graveyard; Special Summon that target."
"Chorus of Sanctuary","81380218","Spell Card","Field",NULL,NULL,NULL,"Increase the DEF of all Defense Position monsters by 500 points."
"Chosen One","21888494","Spell Card","Normal",NULL,NULL,NULL,"Select 1 Monster Card and 2 non-Monster Cards from your hand. Your opponent randomly selects 1 card among them. If it is a Monster Card, it is Special Summoned and send the remaining 2 cards to the Graveyard. If not, send all the cards to the Graveyard."
"Cockroach Knight","33413638","Effect Monster","Insect","EARTH","800","900","When this card is sent to the Graveyard, it is returned to the top of the Deck."
"Collected Power","7565547","Trap Card","Normal",NULL,NULL,NULL,"Target 1 face-up monster on the field; equip it with all Equip Cards on the field. If any of those Equip Cards is now equipped to an incorrect target, destroy that Equip Card."
"Crush Card Virus","57728570","Trap Card","Normal",NULL,NULL,NULL,"Tribute 1 DARK monster with 1000 or less ATK; your opponent takes no damage until the end of the next turn after this card resolves, also, you look at your opponent's hand and all monsters they control, and if you do, destroy the monsters among them with 1500 or more ATK, then your opponent can destroy up to 3 monsters with 1500 or more ATK in their Deck."
"Curse of Fiend","12470447","Spell Card","Normal",NULL,NULL,NULL,"Change the battle positions of all Attack Position monsters on the field to Defense Position and vice-versa. These positions cannot be changed during the turn this card is activated except by the effect of a Spell, Trap or Effect Monster Card. You can only activate this card during your Standby Phase."
"Curse of the Masked Beast","94377247","Spell Card","Ritual",NULL,NULL,NULL,"This card is used to Ritual Summon ""The Masked Beast"". You must also Tribute monsters from your hand or field whose total Levels equal 8 or more."
"Cyber Jar","34124316","Flip Effect Monster","Rock","DARK","900","900","FLIP: Destroy all monsters on the field, then both players reveal the top 5 cards from their Decks, then Special Summon all revealed Level 4 or lower monsters in face-up Attack Position or face-down Defense Position, also add any remaining cards to their hand. (If either player has less than 5 cards in their Deck, reveal as many as possible.)"
"Cyber Raider","39978267","Effect Monster","Machine","DARK","1400","1000","If this card is Summoned: Activate 1 of these effects.
● Target 1 Equip Card on the field; destroy that target.
● Target 1 Equip Card on the field; equip that target to this card."
"D.D. Warrior","37043180","Effect Monster","Warrior","EARTH","1200","1000","After damage calculation, when this card battles a monster: Banish that monster, also banish this card."
"Dark Magic Curtain","99789342","Spell Card","Normal",NULL,NULL,NULL,"Pay half your LP; Special Summon 1 ""Dark Magician"" from your Deck. You cannot Summon other monsters the turn you activate this card (but you can Set)."
"Dark Magician Girl","38033121","Effect Monster","Spellcaster","DARK","2000","1700","Gains 300 ATK for every ""Dark Magician"" or ""Magician of Black Chaos"" in the GY."
"Dark Necrofear","31829185","Effect Monster","Fiend","DARK","2200","2800","Cannot be Normal Summoned/Set. Must first be Special Summoned (from your hand) by banishing 3 Fiend monsters from your GY. During the End Phase, if this card is in your GY because it was destroyed in your Monster Zone by an opponent's card and sent there this turn: Target 1 face-up monster your opponent controls; equip this card to that target. While this card is equipped to a monster by this effect, take control of that monster."
"Dark Renewal","9287078","Trap Card","Normal",NULL,NULL,NULL,"When your opponent Normal or Special Summons a monster(s): Target 1 of those monsters and 1 Spellcaster monster you control; send both monsters to the GY, then you can Special Summon 1 DARK Spellcaster monster from your Deck or GY."
"Dark Sanctuary","16625614","Spell Card","Field",NULL,NULL,NULL,"If a ""Spirit Message"" card would be placed on your field with ""Destiny Board"", you can Special Summon it as a Normal Monster (Fiend/DARK/Level 1/ATK 0/DEF 0) instead, and if you do, it is unaffected by card effects, except ""Destiny Board"", and cannot be targeted for attacks, but does not prevent your opponent from attacking you directly. When an opponent's monster declares an attack: Toss a coin and if the result is heads, negate the attack, and if you do, inflict damage to your opponent equal to half the current ATK of that opponent's monster."
"Dark Spirit of the Silent","93599951","Trap Card","Normal",NULL,NULL,NULL,"Activate only when an opponent's monster declares an attack. Negate that attack, and select another face-up monster your opponent controls. That monster attacks instead. (If it is in face-up Defense Position, change it to Attack Position.)"
"Dark Zebra","59784896","Effect Monster","Beast","EARTH","1800","400","If this is the only Monster Card in your control during your Standby Phase, it is changed to Defense Position. You cannot change the position of this card during the same turn."
"De-Fusion","95286165","Spell Card","Quick-Play",NULL,NULL,NULL,"Target 1 Fusion Monster on the field; return that target to the Extra Deck, then, if all the Fusion Materials that were used for its Fusion Summon are in your GY, you can Special Summon all of them."
"Destiny Board","94212438","Trap Card","Continuous",NULL,NULL,NULL,"When this card and all 4 ""Spirit Message"" cards with different names are placed on your field, you win the Duel. Once per turn, during your opponent's End Phase: Place 1 ""Spirit Message"" card from your hand or Deck in your Spell & Trap Zone face-up, in the proper order of ""I"", ""N"", ""A"", and ""L"". When any ""Spirit Message"" card or ""Destiny Board"" you control leaves the field, send all ""Spirit Message"" cards and ""Destiny Board"" you control to the Graveyard."
"Dragon Seeker","28563545","Effect Monster","Fiend","DARK","2000","2100","When this card is Normal Summoned or Flip Summoned, destroy 1 face-up Dragon-Type monster on the field."
"Dragon Zombie","66672569","Normal Monster","Zombie","DARK","1600","0","A dragon revived by sorcery. Its breath is highly corrosive."
"Drillago","99050989","Effect Monster","Machine","DARK","1600","1100","If the only cards your opponent controls are face-up monsters with 1600 or more ATK, this card can attack your opponent directly."
"Dunames Dark Witch","12493482","Normal Monster","Fairy","LIGHT","1800","1050","Even when all odds are against this brave fairy, she will press onwards in battle and never retreat."
"Dust Tornado","60082869","Trap Card","Normal",NULL,NULL,NULL,"Target 1 Spell/Trap your opponent controls; destroy that target, then you can Set 1 Spell/Trap from your hand."
"Earthbound Spirit","67105242","Normal Monster","Fiend","EARTH","500","2000","A vengeful creature formed by the spirits of fallen warriors, it drags any who dare approach it into the deepest bowels of the earth."
"Ectoplasmer","97342942","Spell Card","Continuous",NULL,NULL,NULL,"Once per turn, during each player's End Phase: The turn player must Tribute 1 face-up monster, and if they do, inflict damage to their opponent equal to half the original ATK of the Tributed monster."
"Embodiment of Apophis","28649820","Trap Card","Continuous","EARTH",NULL,NULL,"During either player's Main Phase: Special Summon this card as a Normal Monster (Reptile-Type/EARTH/Level 4/ATK 1600/DEF 1800). (This card is also still a Trap Card.)"
"Energy Drain","56916805","Trap Card","Normal",NULL,NULL,NULL,"Target 1 face-up monster you control; it gains 200 ATK/DEF for each card your opponent currently has in their hand, until the end of this turn."
"Exchange","5556668","Spell Card","Normal",NULL,NULL,NULL,"Both players reveal their hands and add 1 card from each other's hand to their hand."
"Exchange of the Spirit","17484499","Trap Card","Normal",NULL,NULL,NULL,"If both players have 15 or more cards in their Graveyards: Pay 1000 LP; each player swaps the cards in their Graveyard with the cards in their Deck, then shuffles their Deck. You can only activate 1 ""Exchange of the Spirit"" per Duel."
"Exile of the Wicked","26725158","Spell Card","Normal",NULL,NULL,NULL,"Destroy all Fiend monsters on the field."
"Fairy Box","21598948","Trap Card","Continuous",NULL,NULL,NULL,"When your opponent's monster declares an attack: Toss a coin and call it. If you call it right, the attacking monster's ATK becomes 0 until the end of the Battle Phase. During each of your Standby Phases, pay 500 Life Points or destroy this card."
"Firewing Pegasus","27054370","Normal Monster","Beast","FIRE","2250","1800","A heavenly stallion soaring through the skies on crimson wings."
"Flying Fish","31987274","Normal Monster","Fish","WIND","800","500","Three wishes are granted to those fortunate enough to see this monster in flight."
"Flying Kamakiri #1","84834865","Effect Monster","Insect","WIND","1400","900","When this card is destroyed by battle and sent to the Graveyard: You can Special Summon 1 WIND monster with 1500 or less ATK from your Deck, in face-up Attack Position."
"Flying Kamakiri #2","3134241","Normal Monster","Insect","WIND","1500","800","A flying mantis that feeds primarily on insects."
"Foolish Burial","81439173","Spell Card","Normal",NULL,NULL,NULL,"Send 1 monster from your Deck to the GY."
"Fortress Whale","62337487","Ritual Monster","Fish","WATER","2350","2150","You can Ritual Summon this card with ""Fortress Whale's Oath""."
"Fortress Whale's Oath","77454922","Spell Card","Ritual",NULL,NULL,NULL,"This card is used to Ritual Summon ""Fortress Whale"". You must also Tribute monsters from your hand or field whose total Levels equal 7 or more."
"Gadget Soldier","86281779","Normal Monster","Machine","FIRE","1800","2000","A rust-free machine warrior born to battle."
"Gamma The Magnet Warrior","11549357","Normal Monster","Rock","EARTH","1500","1800","Alpha, Beta, and Gamma meld as one to form a powerful monster."
"Gazelle the King of Mythical Beasts","5818798","Normal Monster","Beast","EARTH","1500","1200","This monster moves so fast that it looks like an illusion to mortal eyes.
(This card is always treated as a ""Phantom Beast"" card.)"
"Gear Golem the Moving Fortress","30190809","Effect Monster","Machine","EARTH","800","2200","Once per turn, during your Main Phase 1: You can pay 800 Life Points; this card can attack your opponent directly this turn."
"Gearfried the Iron Knight","423705","Effect Monster","Warrior","EARTH","1800","1600","If either player equips an Equip Card(s) to this card: Destroy that Equip Card(s)."
"Gernia","77936940","Effect Monster","Zombie","DARK","1300","1200","During your next Standby Phase, after this face-up card you control was destroyed and sent to your Graveyard by an opponent's card effect: Special Summon it."
"Giant Trunade","42703248","Spell Card","Normal",NULL,NULL,NULL,"Return all Spell and Trap Cards on the field to the hand."
"Goblin Zombie","63665875","Effect Monster","Zombie","DARK","1100","1050","If this card inflicts battle damage to your opponent: Send the top card of their Deck to the GY. If this card is sent from the field to the GY: Add 1 Zombie monster with 1200 or less DEF from your Deck to your hand."
"Graceful Charity","79571449","Spell Card","Normal",NULL,NULL,NULL,"Draw 3 cards, then discard 2 cards."
"Graceful Dice","74137509","Spell Card","Quick-Play",NULL,NULL,NULL,"Roll a six-sided die. All monsters you currently control gain ATK/DEF equal to the result x 100, until the end of this turn."
"Grand Tiki Elder","13676474","Normal Monster","Fiend","DARK","1500","800","A masked monster that wields the most deadly of curses."
"Gravity Bind","85742772","Trap Card","Continuous",NULL,NULL,NULL,"Level 4 or higher monsters cannot attack."
"Great Mammoth of Goldfine","54622031","Fusion Monster","Zombie","DARK","2200","1800","""The Snake Hair"" + ""Dragon Zombie"""
"Great White","13429800","Normal Monster","Fish","WATER","1600","800","A giant white shark with razor-sharp teeth."
"Ground Attacker Bugroth","58314394","Normal Monster","Machine","EARTH","1500","1000","A surface battle robot that was once used for sea warfare."
"Hannibal Necromancer","5640330","Effect Monster","Spellcaster","DARK","1400","1800","If this card is Normal Summoned: Place 1 Spell Counter on it (max. 1). You can remove 1 Spell Counter from this card, then target 1 face-up Trap Card on the field; destroy that target."
"Hayabusa Knight","21015833","Effect Monster","Warrior","EARTH","1000","700","This card can make a second attack during each Battle Phase."
"Headless Knight","5434080","Normal Monster","Fiend","EARTH","1450","1700","A haunted spirit of a falsely accused knight who wanders in search of truth and justice."
"Hinotama","46130346","Spell Card","Normal",NULL,NULL,NULL,"Inflict 500 damage to your opponent."
"Holding Arms","43730887","Effect Monster","Fiend","DARK","500","1200","If this card is Normal or Special Summoned: Target 1 face-up monster your opponent controls; while this card is face-up on the field, that face-up monster cannot attack, also its effects are negated. While that face-up monster is on the field, this card cannot be destroyed by battle or card effects."
"Holding Legs","70124586","Effect Monster","Fiend","DARK","800","600","If this card is Summoned: Return all Set Spell and Trap Cards on the field to the hand. You can banish this card from your Graveyard, then target 1 Set Spell/Trap Card your opponent controls; that Set card cannot be activated until the end of your opponent's next turn."
"Humanoid Slime","46821314","Normal Monster","Aqua","WATER","800","2000","This slime apparently has some human genes in its genetic makeup."
"Humanoid Worm Drake","5600127","Fusion Monster","Aqua","WATER","2200","2000","""Worm Drake"" + ""Humanoid Slime"""
"Hyozanryu","62397231","Normal Monster","Dragon","LIGHT","2100","2800","A dragon created from a massive diamond that sparkles with blinding light."
"Infinite Cards","94163677","Spell Card","Continuous",NULL,NULL,NULL,"There is no limit to the number of cards in players' hands."
"Insect Barrier","23615409","Spell Card","Continuous",NULL,NULL,NULL,"Insect-Type monsters your opponent controls cannot declare an attack."
"Insect Monster Token","91512836","Token","Insect","EARTH","100","100","Special Summoned with the effect of ""Insect Queen""."
"Insect Queen","91512835","Effect Monster","Insect","EARTH","2200","2400","This card gains 200 ATK for each Insect monster on the field. Cannot declare an attack unless you Tribute 1 monster. Once per turn, during the End Phase, if this card destroyed an opponent's monster by battle this turn: Special Summon 1 ""Insect Monster Token"" (Insect/EARTH/Level 1/ATK 100/DEF 100) in Attack Position."
"Insect Soldiers of the Sky","7019529","Effect Monster","Insect","WIND","1000","800","If this card attacks a WIND monster, it gains 1000 ATK during the Damage Step only."
"Jam Breeding Machine","21770260","Spell Card","Continuous",NULL,NULL,NULL,"During each of your Standby Phases: Special Summon 1 ""Slime Token"" (Aqua-Type/WATER/LEVEL 1/ATK 500/DEF 500) in Attack Position. You cannot Summon any monsters, except ""Slime Tokens"" (but you can Set)."
"Jam Defender","21558682","Trap Card","Continuous",NULL,NULL,NULL,"When an opponent's monster declares an attack on a monster you control: You can target 1 ""Revival Jam"" you control; switch the attack target to that target."
"Jinzo","77585513","Effect Monster","Machine","DARK","2400","1500","Trap Cards, and their effects on the field, cannot be activated. Negate all Trap effects on the field."
"Jowgen the Spiritualist","41855169","Effect Monster","Spellcaster","LIGHT","200","1300","You can discard 1 random card from your hand to the Graveyard; destroy all Special Summoned monsters on the field. Neither player can Special Summon monsters."
"Judgment of Anubis","55256016","Trap Card","Counter",NULL,NULL,NULL,"When your opponent activates a Spell Card that would destroy a Spell/Trap Card(s) on the field: Discard 1 card; negate the activation, and if you do, destroy it, then you can destroy 1 face-up monster your opponent controls, and if you do that, inflict damage to your opponent equal to the destroyed monster's ATK on the field."
"Kaiser Glider","52824910","Effect Monster","Dragon","LIGHT","2400","2200","Cannot be destroyed by battle with a monster that has the same ATK. If this card is destroyed and sent to the Graveyard: Target 1 monster on the field; return that target to the hand."
"Kelbek","54878498","Effect Monster","Fairy","EARTH","1500","1800","A monster that attacks this card returns to the hand. Damage calculation is applied normally."
"Keldo","80441106","Effect Monster","Fairy","EARTH","1200","1600","When this card is destroyed and sent to the Graveyard as a result of battle, select 2 cards from your opponent's Graveyard, add them to your opponent's Deck and the Deck is then shuffled."
"Kiseitai","4266839","Effect Monster","Fiend","DARK","300","800","When your opponent's monster attacks this card in face-down Defense Position, this card becomes an Equip Spell Card equipped to the attacking monster (No damage calculation is conducted). During each of your opponent's Standby Phases, increase your Life Points by half of the ATK of the monster equipped with this card."
"Leghul","12472242","Effect Monster","Insect","EARTH","300","350","This monster may attack your opponent's Life Points directly."
"Legion the Fiend Jester","25280974","Effect Monster","Spellcaster","DARK","1300","1500","During your Main Phase, you can Tribute Summon 1 Spellcaster monster in face-up Attack Position, in addition to your Normal Summon/Set. (You can only gain this effect once per turn.) If this card is sent from the field to the GY: You can add 1 Spellcaster Normal Monster from your Deck or GY to your hand. You can only use this effect of ""Legion the Fiend Jester"" once per turn."
"Light of Intervention","62867251","Trap Card","Continuous",NULL,NULL,NULL,"While this card is on the field, Monster Cards cannot be Set or flipped face-down. If a Monster Card would be Set, it must be Normal Summoned in face-up Defense Position."
"Lightforce Sword","49587034","Trap Card","Normal",NULL,NULL,NULL,"Banish 1 random card from your opponent's hand, face-down. During your opponent's 4th Standby Phase after this card's activation, return that card to their hand."
"Lightning Blade","55226821","Spell Card","Equip",NULL,NULL,NULL,"Equip only to a Warrior-Type monster. It gains 800 ATK. All WATER monsters lose 500 ATK."
"Lord of D.","17985575","Effect Monster","Spellcaster","DARK","1200","1100","Neither player can target Dragon monsters on the field with card effects."
"Machine Conversion Factory","25769732","Spell Card","Equip",NULL,NULL,NULL,"Equip only to a Machine monster. It gains 300 ATK/DEF."
"Machine King","46700124","Effect Monster","Machine","EARTH","2200","2000","This card gains 100 ATK for each Machine-Type monster on the field."
"Magic Cylinder","62279055","Trap Card","Normal",NULL,NULL,NULL,"When an opponent's monster declares an attack: Target the attacking monster; negate the attack, and if you do, inflict damage to your opponent equal to its ATK."
"Magic Formula","67227834","Spell Card","Equip",NULL,NULL,NULL,"Equip only to ""Dark Magician"" or ""Dark Magician Girl"". It gains 700 ATK. If this card is sent from the field to the GY: Gain 1000 LP."
"Magic Jammer","77414722","Trap Card","Counter",NULL,NULL,NULL,"When a Spell Card is activated: Discard 1 card; negate the activation, and if you do, destroy it."
"Magical Arm Shield","96008713","Trap Card","Normal",NULL,NULL,NULL,"When your opponent declares an attack while you control a monster: Target 1 face-up monster your opponent controls, except the attacking monster; take control of that target until the end of the Battle Phase, and if you do, it is attacked instead, and you proceed to damage calculation."
"Maha Vailo","93013676","Effect Monster","Spellcaster","LIGHT","1550","1400","This card gains 500 ATK for each Equip Card equipped to this card."
"Makyura the Destructor","21593977","Effect Monster","Warrior","DARK","1600","1200","If this card is sent from the Monster Zone to the GY: You can activate 1 Trap Card from your hand this turn. You can only use this effect of ""Makyura the Destructor"" once per turn."
"Mask of Brutality","82432018","Spell Card","Equip",NULL,NULL,NULL,"The equipped monster gains 1000 ATK and loses 1000 DEF. During each of your Standby Phases, pay 1000 LP or destroy this card."
"Mask of Dispel","20765952","Spell Card","Continuous",NULL,NULL,NULL,"Select 1 face-up Spell Card on the field. The controller of the Spell Card takes 500 points of damage during each of your Standby Phases. When the selected card is removed from the field, destroy this card."
"Mask of Restrict","29549364","Trap Card","Continuous",NULL,NULL,NULL,"Neither player can Tribute cards."
"Mask of the Accursed","56948373","Spell Card","Equip",NULL,NULL,NULL,"The equipped monster cannot attack. Once per turn, during your Standby Phase: Inflict 500 damage to the controller of the equipped monster."
"Mask of Weakness","57882509","Trap Card","Normal",NULL,NULL,NULL,"Target 1 attacking monster; that target loses 700 ATK until the end of this turn."
"Masked Beast Des Gardius","48948935","Effect Monster","Fiend","DARK","3300","2500","This card cannot be Normal Summoned or Set. This card cannot be Special Summoned except by Tributing 2 monsters, including at least 1 ""Grand Tiki Elder"" or ""Melchid the Four-Face Beast"". When this card is sent from the field to the Graveyard, equip 1 ""The Mask of Remnants"" from your Deck to 1 monster on the field."
"Mechanicalchaser","7359741","Normal Monster","Machine","DARK","1850","800","A hunter that relentlessly pursues its target by order of the Machine King."
"Megasonic Eye","7562372","Normal Monster","Machine","DARK","1500","1800","Made of mysterious metal, this monster is a doomsday machine from the edge of the universe."
"Melchid the Four-Face Beast","86569121","Normal Monster","Fiend","DARK","1500","1200","This monster has four different masks for four different attacks."
"Metalmorph","68540059","Trap Card","Normal",NULL,NULL,NULL,"Target 1 face-up monster on the field; equip this card to that target. It gains 300 ATK/DEF. If it attacks, it gains ATK equal to half the ATK of the attack target, during damage calculation only."
"Meteor of Destruction","33767325","Spell Card","Normal",NULL,NULL,NULL,"If your opponent's Life Points are higher than 3000: Inflict 1000 damage to your opponent."
"Mind Control","37520316","Spell Card","Normal",NULL,NULL,NULL,"Target 1 monster your opponent controls; until the End Phase, take control of that target, but it cannot declare an attack or be Tributed."
"Mother Grizzly","57839750","Effect Monster","Beast-Warrior","WATER","1400","1000","When this card is destroyed by battle and sent to the Graveyard: You can Special Summon 1 WATER monster with 1500 or less ATK from your Deck, in face-up Attack Position."
"Mudora","82108372","Effect Monster","Fairy","EARTH","1500","1800","This card gains 200 ATK for each Fairy-Type monster in your Graveyard."
"Muko","80863132","Trap Card","Normal",NULL,NULL,NULL,"Activate only when an effect of drawing card(s) is activated. Both players see the cards drawn by the effect and discard them all to the Graveyard."
"Multiple Destruction","14057297","Trap Card","Normal",NULL,NULL,NULL,"If both players have 3 or more cards in their hand: Each player places their entire hand on the bottom of the Deck in any order, also you lose LP equal to the total number of cards returned to the Deck by this effect x 300 (min. 1), then each player draws 5 cards. You can only activate 1 ""Multiple Destruction"" per turn."
"Musician King","56907389","Fusion Monster","Spellcaster","LIGHT","1750","1500","""Witch of the Black Forest"" + ""Lady of Faith"""
"Mystic Tomato","83011278","Effect Monster","Plant","DARK","1400","1100","When this card is destroyed by battle and sent to the GY: You can Special Summon 1 DARK monster with 1500 or less ATK from your Deck, in face-up Attack Position."
"Mystical Refpanel","35563539","Trap Card","Normal",NULL,NULL,NULL,"Activate only when a Spell Card that targets 1 player is activated. The effect of that Spell Card is applied to the other player instead."
"Nightmare's Steelcage","58775978","Spell Card","Normal",NULL,NULL,NULL,"This card remains on the field for 2 of your opponent's turns. While this card is face-up on the field, no monsters can attack."
"Obelisk the Tormentor","10000000","Effect Monster","Divine-Beast","DIVINE","4000","4000","Requires 3 Tributes to Normal Summon (cannot be Normal Set). This card's Normal Summon cannot be negated. When Normal Summoned, cards and effects cannot be activated. Neither player can target this card with card effects. Once per turn, during the End Phase, if this card was Special Summoned: Send it to the GY. You can Tribute 2 monsters; destroy all monsters your opponent controls. This card cannot declare an attack the turn this effect is activated."
"Panther Warrior","42035044","Effect Monster","Beast-Warrior","EARTH","2000","1600","This card cannot declare an attack unless you Tribute 1 monster."
"Parasite Paracide","27911549","Flip Effect Monster","Insect","EARTH","500","300","FLIP: Put this card face-up in your opponent's Deck and shuffle it. When your opponent draws this card, it is Special Summoned to their side of the field in face-up Defense Position, and inflicts 1000 damage to them. Then, while this card is face-up on the field, all monsters your opponent controls become Insect-Type monsters."
"Pinch Hopper","26185991","Effect Monster","Insect","EARTH","1000","1200","When this card you control is sent to your GY: You can Special Summon 1 Insect monster from your hand."
"Pot of Greed","55144522","Spell Card","Normal",NULL,NULL,NULL,"Draw 2 cards."
"Premature Burial","70828912","Spell Card","Equip",NULL,NULL,NULL,"Activate this card by paying 800 LP, then target 1 monster in your Graveyard; Special Summon that target in Attack Position and equip it with this card. When this card is destroyed, destroy the equipped monster."
"Puppet Master","41442341","Effect Monster","Fiend","DARK","0","0","When this card is Tribute Summoned: You can pay 2000 LP, then target 2 Fiend monsters in your GY; Special Summon those targets, but they cannot attack this turn."
"Raigeki","12580477","Spell Card","Normal",NULL,NULL,NULL,"Destroy all monsters your opponent controls."
"Reflect Bounder","2851070","Effect Monster","Machine","LIGHT","1700","1000","Before damage calculation, if this card is being attacked by an opponent's monster, and was in face-up Attack Position at the start of the Damage Step: Inflict damage to your opponent equal to the attacking monster's ATK. If you do, after damage calculation: Destroy this card."
"Return of the Doomed","19827717","Spell Card","Normal",NULL,NULL,NULL,"Discard 1 Monster Card from your hand to the Graveyard. Return 1 of your monsters destroyed and sent to your Graveyard as a result of battle during this turn to your hand at the end of this turn."
"Revival Jam","31709826","Effect Monster","Aqua","WATER","1500","500","When this card is destroyed by battle and sent to the Graveyard: You can pay 1000 Life Points; Special Summon it in face-up Defense Position during your next turn's Standby Phase."
"Ring of Defense","58641905","Spell Card","Quick-Play",NULL,NULL,NULL,"When a Trap effect that inflicts damage is activated: Make that effect damage 0."
"Ring of Destruction","83555666","Trap Card","Normal",NULL,NULL,NULL,"During your opponent's turn: Target 1 face-up monster your opponent controls whose ATK is less than or equal to their LP; destroy that face-up monster, and if you do, take damage equal to its original ATK, then inflict damage to your opponent, equal to the damage you took. You can only activate 1 ""Ring of Destruction"" per turn."
"Rocket Warrior","30860696","Effect Monster","Warrior","LIGHT","1500","1300","During your Battle Phase, this card cannot be destroyed by battle and you take no battle damage from attacks involving this card. If this card attacks a monster, after damage calculation: That attack target loses 500 ATK until the end of this turn."
"Rogue Doll","91939608","Normal Monster","Spellcaster","LIGHT","1600","1000","A deadly doll gifted with mystical power, it is particularly powerful when attacking against dark forces."
"Rope of Life","93382620","Trap Card","Normal",NULL,NULL,NULL,"When a monster(s) is destroyed by battle and sent to your GY: Discard your entire hand (min.1), then target 1 of those monsters; Special Summon it, and if you do, it gains 800 ATK."
"Roulette Spider","36708764","Spell Card","Quick-Play",NULL,NULL,NULL,"When an opponent's monster declares an attack: Roll a six-sided die and apply the result.
1: Halve your LP.
2: Make that attack a direct attack.
3: Choose 1 monster you control, change the attack target to it, and perform damage calculation.
4: Choose 1 other monster your opponent controls, change the attack target to it, and perform damage calculation.
5: Negate the attack, and if you do, inflict damage to your opponent equal to that monster's ATK.
6: Destroy that opponent's monster."
"Scapegoat","73915051","Spell Card","Quick-Play",NULL,NULL,NULL,"Special Summon 4 ""Sheep Tokens"" (Beast/EARTH/Level 1/ATK 0/DEF 0) in Defense Position. They cannot be Tributed for a Tribute Summon. You cannot Summon other monsters the turn you activate this card (but you can Normal Set)."
"Seiyaryu","6740720","Normal Monster","Dragon","LIGHT","2500","2300","A mystical dragon that burns away the unworthy with its mystic flames."
"Serpent Night Dragon","66516792","Normal Monster","Dragon","DARK","2350","2400","A dragon created from the soul of a wicked knight."
"Sheep Token","73915052","Token","Beast","EARTH","0","0","This card can be used as any Token."
"Shift","59560625","Trap Card","Normal",NULL,NULL,NULL,"When your opponent targets exactly 1 monster you control (and no other cards) for an attack, or with a Spell/Trap effect: Target another monster you control that would be an appropriate target; that attack/Spell/Trap now targets the new target."
"Shining Abyss","87303357","Normal Monster","Fairy","LIGHT","1600","1800","This monster employs the powers of both Light and Darkness."
"Shrink","55713623","Spell Card","Quick-Play",NULL,NULL,NULL,"Target 1 face-up monster on the field; its original ATK becomes halved until the end of this turn."
"Silent Doom","42534368","Spell Card","Normal",NULL,NULL,NULL,"Target 1 Normal Monster in your Graveyard; Special Summon it in face-up Defense Position, but it cannot attack."
"Skull Dice","126218","Trap Card","Normal",NULL,NULL,NULL,"Roll a six-sided die. All monsters your opponent currently controls lose ATK/DEF equal to the result x 100, until the end of this turn."
"Skull Invitation","98139712","Trap Card","Continuous",NULL,NULL,NULL,"Each time a card(s) is sent to the Graveyard, inflict 300 damage to its owner for each card sent."
"Skull-Mark Ladybug","64306248","Effect Monster","Insect","EARTH","500","1500","When this card is sent to the Graveyard, increase your Life Points by 1000 points."
"Slifer the Sky Dragon","10000020","Effect Monster","Divine-Beast","DIVINE","0","0","Requires 3 Tributes to Normal Summon (cannot be Normal Set). This card's Normal Summon cannot be negated. When Normal Summoned, cards and effects cannot be activated. Once per turn, during the End Phase, if this card was Special Summoned: Send it to the GY. Gains 1000 ATK/DEF for each card in your hand. If a monster(s) is Normal or Special Summoned to your opponent's field in Attack Position: That monster(s) loses 2000 ATK, then if its ATK has been reduced to 0 as a result, destroy it."
"Solemn Judgment","41420027","Trap Card","Counter",NULL,NULL,NULL,"When a monster(s) would be Summoned, OR a Spell/Trap Card is activated: Pay half your LP; negate the Summon or activation, and if you do, destroy that card."
"Sonic Maid","38942059","Normal Monster","Warrior","EARTH","1200","900","A maiden that uses sound to her advantage, she wields a scythe that's shaped like a musical note."
"Souls of the Forgotten","4920010","Normal Monster","Fiend","DARK","900","200","A wicked spirit created by the hateful souls of those who fell in battle. It grows by assimilating the souls of its enemies."
"Spell Reproduction","29228529","Spell Card","Normal",NULL,NULL,NULL,"Send 2 Spells from your hand to the GY, then target 1 Spell in your GY; add it to your hand."
"Spirit Message ""A""","94772232","Spell Card","Continuous",NULL,NULL,NULL,"This card can only be placed on the field by the effect of ""Destiny Board""."
"Spirit Message ""I""","31893528","Spell Card","Continuous",NULL,NULL,NULL,"This card can only be placed on the field by the effect of ""Destiny Board""."
"Spirit Message ""L""","30170981","Spell Card","Continuous",NULL,NULL,NULL,"This card can only be placed on the field by the effect of ""Destiny Board""."
"Spirit Message ""N""","67287533","Spell Card","Continuous",NULL,NULL,NULL,"This card can only be placed on the field by the effect of ""Destiny Board""."
"Spirit of the Harp","80770678","Normal Monster","Fairy","LIGHT","800","2000","A spirit that soothes the soul with the music of its heavenly harp."
"Stone Statue of the Aztecs","31812496","Effect Monster","Rock","EARTH","300","2000","Double any Battle Damage your opponent takes when they attack this monster."
"Stop Defense","63102017","Spell Card","Normal",NULL,NULL,NULL,"Select 1 Defense Position monster on your opponent's side of the field and change it to Attack Position."
"Swordsman of Landstar","3573512","Normal Monster","Warrior","EARTH","500","1200","An amateur with a sword, this fairy warrior relies on its mysterious powers."
"Temple of the Kings","29762407","Spell Card","Continuous",NULL,NULL,NULL,"You can activate 1 Trap Card the turn it was Set. You can send 1 ""Mystical Beast of Serket"" in your Monster Zone and this card you control to the Graveyard; Special Summon 1 monster from your hand or Deck, or 1 Fusion Monster from your Extra Deck. You can only use each effect of ""Temple of the Kings"" once per turn."
"The Dark Door","30606547","Spell Card","Continuous",NULL,NULL,NULL,"Only 1 monster can attack during each Battle Phase."
"The Earl of Demise","66989694","Normal Monster","Fiend","DARK","2000","700","This gentlemanly creature is extremely wicked, feared by man and fiend alike."
"The Fiend Megacyber","66362965","Effect Monster","Warrior","DARK","2200","1200","If your opponent controls at least 2 more monsters than you do, you can Special Summon this card (from your hand)."
"The Flute of Summoning Dragon","43973174","Spell Card","Normal",NULL,NULL,NULL,"Special Summon up to 2 Dragon monsters from your hand. ""Lord of D."" must be on the field to activate and to resolve this effect."
"The Gross Ghost of Fled Dreams","68049471","Normal Monster","Fiend","DARK","1300","1800","This monster feeds on the dreams of an unwary sleeper, dragging the victim into eternal slumber."
"The Legendary Fisherman","3643300","Effect Monster","Warrior","WATER","1850","1600","While ""Umi"" is on the field, this card is unaffected by Spell effects and cannot be targeted for attacks, but does not prevent your opponent from attacking you directly."
"The Mask of Remnants","22610082","Spell Card","Normal",NULL,NULL,NULL,"Shuffle this card into its owner's Deck, OR if this card was put into play by the effect of ""Masked Beast Des Gardius"", this card is treated as an Equip Card. Control of the equipped monster is switched."
"The Masked Beast","49064413","Ritual Monster","Fiend","DARK","3200","1800","You can Ritual Summon this card with ""Curse of the Masked Beast""."
"The Portrait's Secret","32541773","Normal Monster","Fiend","EARTH","1200","1500","A portrait cursed by the artist, it is said to bring ill fortune to anyone who owns it."
"The Shallow Grave","43434803","Spell Card","Normal",NULL,NULL,NULL,"Each player targets 1 monster in their own GY; each player Special Summons the target from their GY in face-down Defense Position."
"The Unfriendly Amazon","65475294","Effect Monster","Warrior","EARTH","2000","1000","Tribute 1 of your monsters on the field (excluding this monster) during each of your Standby Phases. If you do not, this card is destroyed."
"The Winged Dragon of Ra","10000010","Effect Monster","Divine-Beast","DIVINE","0","0","Cannot be Special Summoned. Requires 3 Tributes to Normal Summon (cannot be Normal Set). This card's Normal Summon cannot be negated. When Normal Summoned, other cards and effects cannot be activated. When this card is Normal Summoned: You can pay LP so that you only have 100 left; this card gains ATK/DEF equal to the amount of LP paid. You can pay 1000 LP, then target 1 monster on the field; destroy that target."
"Thousand Knives","63391643","Spell Card","Normal",NULL,NULL,NULL,"If you control ""Dark Magician"": Target 1 monster your opponent controls; destroy that target."
"Three-Headed Geedo","78423643","Normal Monster","Fiend","DARK","1200","1400","A three-headed nocturnal monster that is absolutely ruthless when fighting."
"Time Seal","35316708","Trap Card","Normal",NULL,NULL,NULL,"Skip the Draw Phase of your opponent's next turn."
"Tornado Wall","18605135","Trap Card","Continuous",NULL,NULL,NULL,"Activate only while ""Umi"" is on the field. While ""Umi"" is face-up on the field, you take no Battle Damage from attacking monsters. Destroy this card when ""Umi"" leaves the field."
"Torrential Tribute","53582587","Trap Card","Normal",NULL,NULL,NULL,"When a monster(s) is Summoned: Destroy all monsters on the field."
"Tribute to the Doomed","79759861","Spell Card","Normal",NULL,NULL,NULL,"Discard 1 card, then target 1 monster on the field; destroy it."
"Twin-Headed Fire Dragon","78984772","Normal Monster","Pyro","FIRE","2200","1700","Two dragons fused as one from the effects of the Big Bang."
"Twin-Headed Thunder Dragon","54752875","Fusion Monster","Thunder","LIGHT","2800","2100","""Thunder Dragon"" + ""Thunder Dragon"""
"Umi","22702055","Spell Card","Field",NULL,NULL,NULL,"All Fish, Sea Serpent, Thunder, and Aqua monsters on the field gain 200 ATK/DEF, also all Machine and Pyro monsters on the field lose 200 ATK/DEF."
"Valkyrion the Magna Warrior","75347539","Effect Monster","Rock","EARTH","3500","3850","Cannot be Normal Summoned/Set. Must first be Special Summoned (from your hand) by Tributing 1 ""Alpha The Magnet Warrior"", ""Beta The Magnet Warrior"", and ""Gamma The Magnet Warrior"" from your hand and/or field. You can Tribute this card, then target 1 ""Alpha The Magnet Warrior"", ""Beta The Magnet Warrior"", and ""Gamma The Magnet Warrior"" in your Graveyard; Special Summon them."
"Vengeful Bog Spirit","95220856","Spell Card","Continuous",NULL,NULL,NULL,"Monsters cannot attack the turn they are Summoned."
"Vorse Raider","14898066","Normal Monster","Beast-Warrior","DARK","1900","1200","This wicked Beast-Warrior does every horrid thing imaginable, and loves it! His axe bears the marks of his countless victims."
"Wall of Illusion","13945283","Effect Monster","Fiend","DARK","1000","1850","If this card is attacked by a monster, after damage calculation: Return that monster to the hand."
"Water Omotics","2483611","Normal Monster","Aqua","WATER","1400","1200","Transforms the water overflowing from a jar into attacking dragons."
"Worm Drake","73216412","Normal Monster","Reptile","EARTH","1400","1500","Once this monster wraps itself around a victim, there is no escape."
"Zera Ritual","81756897","Spell Card","Ritual",NULL,NULL,NULL,"This card is used to Ritual Summon ""Zera the Mant"". You must also Tribute monsters from the field or your hand whose total Levels equal 8 or more."
"Zera the Mant","69123138","Ritual Monster","Fiend","DARK","2800","2300","This card can only be Ritual Summoned with the Ritual Spell Card, ""Zera Ritual""."
"Zolga","16268841","Effect Monster","Fairy","EARTH","1700","1200","When a monster is Tribute Summoned by Tributing this card: The owner of this card gains 2000 Life Points."