id,name,type,desc,atk,def,level,race,attribute,card_sets,card_images,card_prices,archetype
37421579,Charubin the Fire Knight,Fusion Monster,"""Monster Egg"" + ""Hinotama Soul""",1100,800,3,Pyro,FIRE,"[{""set_name"":""Legend of Blue Eyes White Dragon"",""set_code"":""LOB-015"",""set_rarity"":""Rare"",""set_rarity_code"":""(R)"",""set_price"":""1.27""},{""set_name"":""Legend of Blue Eyes White Dragon"",""set_code"":""LOB-E011"",""set_rarity"":""Rare"",""set_rarity_code"":""(R)"",""set_price"":""9.9""},{""set_name"":""Legend of Blue Eyes White Dragon"",""set_code"":""LOB-EN015"",""set_rarity"":""Rare"",""set_rarity_code"":""(R)"",""set_price"":""11.1""}]","[{""id"":37421579,""image_url"":""https://storage.googleapis.com/ygoprodeck.com/pics/37421579.jpg"",""image_url_small"":""https://storage.googleapis.com/ygoprodeck.com/pics_small/37421579.jpg""}]","[{""cardmarket_price"":""0.47"",""tcgplayer_price"":""0.42"",""ebay_price"":""2.75"",""amazon_price"":""11.01"",""coolstuffinc_price"":""0.79""}]",undefined
17881964,Darkfire Dragon,Fusion Monster,"""Firegrass"" + ""Petit Dragon""",1500,1250,4,Dragon,DARK,"[{""set_name"":""Legend of Blue Eyes White Dragon"",""set_code"":""LOB-019"",""set_rarity"":""Rare"",""set_rarity_code"":""(R)"",""set_price"":""3.87""},{""set_name"":""Legend of Blue Eyes White Dragon"",""set_code"":""LOB-E015"",""set_rarity"":""Rare"",""set_rarity_code"":""(R)"",""set_price"":""9.28""},{""set_name"":""Legend of Blue Eyes White Dragon"",""set_code"":""LOB-EN019"",""set_rarity"":""Rare"",""set_rarity_code"":""(R)"",""set_price"":""10.56""},{""set_name"":""Tournament Pack: 3rd Season"",""set_code"":""TP3-016"",""set_rarity"":""Common"",""set_rarity_code"":""(C)"",""set_price"":""6.14""}]","[{""id"":17881964,""image_url"":""https://storage.googleapis.com/ygoprodeck.com/pics/17881964.jpg"",""image_url_small"":""https://storage.googleapis.com/ygoprodeck.com/pics_small/17881964.jpg""}]","[{""cardmarket_price"":""2.37"",""tcgplayer_price"":""2.78"",""ebay_price"":""1.99"",""amazon_price"":""6.26"",""coolstuffinc_price"":""2.99""}]",undefined
70681994,Dragoness the Wicked Knight,Fusion Monster,"""Armaill"" + ""One-Eyed Shield Dragon""",1200,900,3,Warrior,WIND,"[{""set_name"":""Legend of Blue Eyes White Dragon"",""set_code"":""LOB-086"",""set_rarity"":""Rare"",""set_rarity_code"":""(R)"",""set_price"":""2.28""},{""set_name"":""Legend of Blue Eyes White Dragon"",""set_code"":""LOB-EN086"",""set_rarity"":""Rare"",""set_rarity_code"":""(R)"",""set_price"":""8.4""},{""set_name"":""Magic Ruler"",""set_code"":""MRL-E126"",""set_rarity"":""Rare"",""set_rarity_code"":""(R)"",""set_price"":""10.32""}]","[{""id"":70681994,""image_url"":""https://storage.googleapis.com/ygoprodeck.com/pics/70681994.jpg"",""image_url_small"":""https://storage.googleapis.com/ygoprodeck.com/pics_small/70681994.jpg""}]","[{""cardmarket_price"":""0.56"",""tcgplayer_price"":""1.22"",""ebay_price"":""1.99"",""amazon_price"":""3.99"",""coolstuffinc_price"":""3.99""}]",undefined
58528964,Flame Ghost,Fusion Monster,"""Skull Servant"" + ""Dissolverock""",1000,800,3,Zombie,DARK,"[{""set_name"":""Legend of Blue Eyes White Dragon"",""set_code"":""LOB-029"",""set_rarity"":""Rare"",""set_rarity_code"":""(R)"",""set_price"":""2.51""},{""set_name"":""Legend of Blue Eyes White Dragon"",""set_code"":""LOB-E023"",""set_rarity"":""Rare"",""set_rarity_code"":""(R)"",""set_price"":""6.33""},{""set_name"":""Legend of Blue Eyes White Dragon"",""set_code"":""LOB-EN029"",""set_rarity"":""Rare"",""set_rarity_code"":""(R)"",""set_price"":""2.9""}]","[{""id"":58528964,""image_url"":""https://storage.googleapis.com/ygoprodeck.com/pics/58528964.jpg"",""image_url_small"":""https://storage.googleapis.com/ygoprodeck.com/pics_small/58528964.jpg""}]","[{""cardmarket_price"":""0.46"",""tcgplayer_price"":""1.09"",""ebay_price"":""1.99"",""amazon_price"":""4.64"",""coolstuffinc_price"":""1.99""}]",Skull Servant
45231177,Flame Swordsman,Fusion Monster,"""Flame Manipulator"" + ""Masaki the Legendary Swordsman""",1800,1600,5,Warrior,FIRE,"[{""set_name"":""Dark Beginning 1"",""set_code"":""DB1-EN100"",""set_rarity"":""Rare"",""set_rarity_code"":""(R)"",""set_price"":""3.26""},{""set_name"":""Dark Legends"",""set_code"":""DLG1-EN003"",""set_rarity"":""Common"",""set_rarity_code"":""(C)"",""set_price"":""1.31""},{""set_name"":""Legend of Blue Eyes White Dragon"",""set_code"":""LOB-003"",""set_rarity"":""Super Rare"",""set_rarity_code"":""(SR)"",""set_price"":""7.52""},{""set_name"":""Legend of Blue Eyes White Dragon"",""set_code"":""LOB-EN003"",""set_rarity"":""Super Rare"",""set_rarity_code"":""(SR)"",""set_price"":""11.81""},{""set_name"":""Legendary Collection 4: Joey's World Mega Pack"",""set_code"":""LCJW-EN053"",""set_rarity"":""Common"",""set_rarity_code"":""(C)"",""set_price"":""1.76""},{""set_name"":""Magic Ruler"",""set_code"":""MRL-E111"",""set_rarity"":""Common"",""set_rarity_code"":""(C)"",""set_price"":""7.99""},{""set_name"":""Millennium Pack"",""set_code"":""MIL1-EN038"",""set_rarity"":""Rare"",""set_rarity_code"":""(R)"",""set_price"":""1.19""},{""set_name"":""Retro Pack"",""set_code"":""RP01-EN002"",""set_rarity"":""Common"",""set_rarity_code"":""(C)"",""set_price"":""2.84""},{""set_name"":""Speed Duel Starter Decks: Duelists of Tomorrow"",""set_code"":""SS02-ENB20"",""set_rarity"":""Common"",""set_rarity_code"":""(C)"",""set_price"":""1.33""},{""set_name"":""Starter Deck: Joey"",""set_code"":""SDJ-024"",""set_rarity"":""Common"",""set_rarity_code"":""(C)"",""set_price"":""1.09""}]","[{""id"":45231177,""image_url"":""https://storage.googleapis.com/ygoprodeck.com/pics/45231177.jpg"",""image_url_small"":""https://storage.googleapis.com/ygoprodeck.com/pics_small/45231177.jpg""},{""id"":45231178,""image_url"":""https://storage.googleapis.com/ygoprodeck.com/pics/45231178.jpg"",""image_url_small"":""https://storage.googleapis.com/ygoprodeck.com/pics_small/45231178.jpg""}]","[{""cardmarket_price"":""0.13"",""tcgplayer_price"":""0.25"",""ebay_price"":""0.99"",""amazon_price"":""4.95"",""coolstuffinc_price"":""0.25""}]",undefined
95952802,Flower Wolf,Fusion Monster,"""Silver Fang"" + ""Darkworld Thorns""",1800,1400,5,Beast,EARTH,"[{""set_name"":""Legend of Blue Eyes White Dragon"",""set_code"":""LOB-107"",""set_rarity"":""Rare"",""set_rarity_code"":""(R)"",""set_price"":""1.22""},{""set_name"":""Legend of Blue Eyes White Dragon"",""set_code"":""LOB-E087"",""set_rarity"":""Rare"",""set_rarity_code"":""(R)"",""set_price"":""12.48""},{""set_name"":""Legend of Blue Eyes White Dragon"",""set_code"":""LOB-EN107"",""set_rarity"":""Rare"",""set_rarity_code"":""(R)"",""set_price"":""3.94""}]","[{""id"":95952802,""image_url"":""https://storage.googleapis.com/ygoprodeck.com/pics/95952802.jpg"",""image_url_small"":""https://storage.googleapis.com/ygoprodeck.com/pics_small/95952802.jpg""}]","[{""cardmarket_price"":""0.83"",""tcgplayer_price"":""0.45"",""ebay_price"":""2.00"",""amazon_price"":""0.67"",""coolstuffinc_price"":""0.49""}]",undefined
1641882,Fusionist,Fusion Monster,"""Petit Angel"" + ""Mystical Sheep #2""",900,700,3,Beast,EARTH,"[{""set_name"":""Legend of Blue Eyes White Dragon"",""set_code"":""LOB-022"",""set_rarity"":""Rare"",""set_rarity_code"":""(R)"",""set_price"":""1.33""},{""set_name"":""Legend of Blue Eyes White Dragon"",""set_code"":""LOB-EN022"",""set_rarity"":""Rare"",""set_rarity_code"":""(R)"",""set_price"":""3.25""},{""set_name"":""Magic Ruler"",""set_code"":""MRL-E113"",""set_rarity"":""Common"",""set_rarity_code"":""(C)"",""set_price"":""30.78""},{""set_name"":""OTS Tournament Pack 3"",""set_code"":""OP03-EN027"",""set_rarity"":""Short Print"",""set_rarity_code"":""(SP)"",""set_price"":""3.02""}]","[{""id"":1641882,""image_url"":""https://storage.googleapis.com/ygoprodeck.com/pics/1641882.jpg"",""image_url_small"":""https://storage.googleapis.com/ygoprodeck.com/pics_small/1641882.jpg""}]","[{""cardmarket_price"":""0.24"",""tcgplayer_price"":""0.55"",""ebay_price"":""2.99"",""amazon_price"":""0.79"",""coolstuffinc_price"":""0.79""}]",undefined
66889139,Gaia the Dragon Champion,Fusion Monster,"""Gaia The Fierce Knight"" + ""Curse of Dragon""",2600,2100,7,Dragon,WIND,"[{""set_name"":""Dark Beginning 1"",""set_code"":""DB1-EN122"",""set_rarity"":""Rare"",""set_rarity_code"":""(R)"",""set_price"":""3.54""},{""set_name"":""Dark Legends"",""set_code"":""DLG1-EN023"",""set_rarity"":""Common"",""set_rarity_code"":""(C)"",""set_price"":""3.53""},{""set_name"":""Legend of Blue Eyes White Dragon"",""set_code"":""LOB-125"",""set_rarity"":""Secret Rare"",""set_rarity_code"":""(ScR)"",""set_price"":""4.86""},{""set_name"":""Legend of Blue Eyes White Dragon"",""set_code"":""LOB-E102"",""set_rarity"":""Secret Rare"",""set_rarity_code"":""(ScR)"",""set_price"":""256.64""},{""set_name"":""Legend of Blue Eyes White Dragon"",""set_code"":""LOB-EN125"",""set_rarity"":""Secret Rare"",""set_rarity_code"":""(ScR)"",""set_price"":""75.86""},{""set_name"":""Maximum Gold"",""set_code"":""MAGO-EN025"",""set_rarity"":""Premium Gold Rare"",""set_rarity_code"":""(PG)"",""set_price"":""1.41""},{""set_name"":""Retro Pack"",""set_code"":""RP01-EN022"",""set_rarity"":""Super Rare"",""set_rarity_code"":""(SR)"",""set_price"":""65.16""},{""set_name"":""Speed Duel Starter Decks: Match of the Millennium"",""set_code"":""SS04-ENA31"",""set_rarity"":""Common"",""set_rarity_code"":""(C)"",""set_price"":""1.42""},{""set_name"":""Yugi's Legendary Decks"",""set_code"":""YGLD-ENA41"",""set_rarity"":""Common"",""set_rarity_code"":""(C)"",""set_price"":""1.12""}]","[{""id"":66889139,""image_url"":""https://storage.googleapis.com/ygoprodeck.com/pics/66889139.jpg"",""image_url_small"":""https://storage.googleapis.com/ygoprodeck.com/pics_small/66889139.jpg""}]","[{""cardmarket_price"":""0.15"",""tcgplayer_price"":""0.23"",""ebay_price"":""9.23"",""amazon_price"":""7.66"",""coolstuffinc_price"":""0.39""}]",Gaia The Fierce Knight
54541900,Karbonala Warrior,Fusion Monster,"""M-Warrior #1"" + ""M-Warrior #2""",1500,1200,4,Warrior,EARTH,"[{""set_name"":""Legend of Blue Eyes White Dragon"",""set_code"":""LOB-067"",""set_rarity"":""Rare"",""set_rarity_code"":""(R)"",""set_price"":""2.02""},{""set_name"":""Legend of Blue Eyes White Dragon"",""set_code"":""LOB-EN067"",""set_rarity"":""Rare"",""set_rarity_code"":""(R)"",""set_price"":""4.98""},{""set_name"":""Magic Ruler"",""set_code"":""MRL-E121"",""set_rarity"":""Common"",""set_rarity_code"":""(C)"",""set_price"":""10.86""},{""set_name"":""Tournament Pack: 3rd Season"",""set_code"":""TP3-015"",""set_rarity"":""Common"",""set_rarity_code"":""(C)"",""set_price"":""6.53""}]","[{""id"":54541900,""image_url"":""https://storage.googleapis.com/ygoprodeck.com/pics/54541900.jpg"",""image_url_small"":""https://storage.googleapis.com/ygoprodeck.com/pics_small/54541900.jpg""}]","[{""cardmarket_price"":""0.20"",""tcgplayer_price"":""1.15"",""ebay_price"":""2.99"",""amazon_price"":""5.16"",""coolstuffinc_price"":""1.99""}]",undefined
9293977,Metal Dragon,Fusion Monster,"""Steel Ogre Grotto #1"" + ""Lesser Dragon""",1850,1700,6,Machine,WIND,"[{""set_name"":""Legend of Blue Eyes White Dragon"",""set_code"":""LOB-102"",""set_rarity"":""Rare"",""set_rarity_code"":""(R)"",""set_price"":""1.8""},{""set_name"":""Legend of Blue Eyes White Dragon"",""set_code"":""LOB-E082"",""set_rarity"":""Rare"",""set_rarity_code"":""(R)"",""set_price"":""7.42""},{""set_name"":""Legend of Blue Eyes White Dragon"",""set_code"":""LOB-EN102"",""set_rarity"":""Rare"",""set_rarity_code"":""(R)"",""set_price"":""22.16""}]","[{""id"":9293977,""image_url"":""https://storage.googleapis.com/ygoprodeck.com/pics/9293977.jpg"",""image_url_small"":""https://storage.googleapis.com/ygoprodeck.com/pics_small/9293977.jpg""}]","[{""cardmarket_price"":""0.33"",""tcgplayer_price"":""0.86"",""ebay_price"":""4.95"",""amazon_price"":""32.99"",""coolstuffinc_price"":""1.99""}]",undefined
25655502,Bickuribox,Fusion Monster,"""Crass Clown"" + ""Dream Clown""",2300,2000,7,Fiend,DARK,"[{""set_name"":""Metal Raiders"",""set_code"":""MRD-093"",""set_rarity"":""Common"",""set_rarity_code"":""(C)"",""set_price"":""1.28""},{""set_name"":""Metal Raiders"",""set_code"":""MRD-E093"",""set_rarity"":""Common"",""set_rarity_code"":""(C)"",""set_price"":""6.44""},{""set_name"":""Metal Raiders"",""set_code"":""MRD-EN093"",""set_rarity"":""Common"",""set_rarity_code"":""(C)"",""set_price"":""3.83""}]","[{""id"":25655502,""image_url"":""https://storage.googleapis.com/ygoprodeck.com/pics/25655502.jpg"",""image_url_small"":""https://storage.googleapis.com/ygoprodeck.com/pics_small/25655502.jpg""}]","[{""cardmarket_price"":""0.27"",""tcgplayer_price"":""0.55"",""ebay_price"":""2.15"",""amazon_price"":""1.86"",""coolstuffinc_price"":""0.49""}]",undefined
11901678,Black Skull Dragon,Fusion Monster,"""Summoned Skull"" + ""Red-Eyes Black Dragon""



(This card is always treated as an ""Archfiend"" card.)",3200,2500,9,Dragon,DARK,"[{""set_name"":""Booster Pack Collectors Tins 2002"",""set_code"":""BPT-006"",""set_rarity"":""Secret Rare"",""set_rarity_code"":""(ScR)"",""set_price"":""67.16""},{""set_name"":""Dark Beginning 1"",""set_code"":""DB1-EN153"",""set_rarity"":""Super Rare"",""set_rarity_code"":""(SR)"",""set_price"":""17.94""},{""set_name"":""Dark Legends"",""set_code"":""DLG1-EN029"",""set_rarity"":""Rare"",""set_rarity_code"":""(R)"",""set_price"":""5.13""},{""set_name"":""Legendary Collection 4: Joey's World Mega Pack"",""set_code"":""LCJW-EN054"",""set_rarity"":""Rare"",""set_rarity_code"":""(R)"",""set_price"":""2.02""},{""set_name"":""Legendary Duelists: Season 1"",""set_code"":""LDS1-EN012"",""set_rarity"":""Common"",""set_rarity_code"":""(C)"",""set_price"":""1.21""},{""set_name"":""Metal Raiders"",""set_code"":""MRD-018"",""set_rarity"":""Ultra Rare"",""set_rarity_code"":""(UR)"",""set_price"":""16.22""},{""set_name"":""Metal Raiders"",""set_code"":""MRD-E018"",""set_rarity"":""Ultra Rare"",""set_rarity_code"":""(UR)"",""set_price"":""44.37""},{""set_name"":""Metal Raiders"",""set_code"":""MRD-EN018"",""set_rarity"":""Ultra Rare"",""set_rarity_code"":""(UR)"",""set_price"":""0.00""},{""set_name"":""Millennium Pack"",""set_code"":""MIL1-EN011"",""set_rarity"":""Common"",""set_rarity_code"":""(C)"",""set_price"":""1.85""},{""set_name"":""Retro Pack"",""set_code"":""RP01-EN028"",""set_rarity"":""Rare"",""set_rarity_code"":""(R)"",""set_price"":""17.57""},{""set_name"":""Tournament Pack: 3rd Season"",""set_code"":""TP3-004"",""set_rarity"":""Super Rare"",""set_rarity_code"":""(SR)"",""set_price"":""198.53""}]","[{""id"":11901678,""image_url"":""https://storage.googleapis.com/ygoprodeck.com/pics/11901678.jpg"",""image_url_small"":""https://storage.googleapis.com/ygoprodeck.com/pics_small/11901678.jpg""}]","[{""cardmarket_price"":""0.27"",""tcgplayer_price"":""1.20"",""ebay_price"":""7.95"",""amazon_price"":""144.99"",""coolstuffinc_price"":""0.39""}]",Archfiend
89112729,Cyber Saurus,Fusion Monster,"""Blast Juggler"" + ""Two-Headed King Rex""",1800,1400,5,Machine,EARTH,"[{""set_name"":""Metal Raiders"",""set_code"":""MRD-105"",""set_rarity"":""Common"",""set_rarity_code"":""(C)"",""set_price"":""1.15""},{""set_name"":""Metal Raiders"",""set_code"":""MRD-E105"",""set_rarity"":""Common"",""set_rarity_code"":""(C)"",""set_price"":""9.39""},{""set_name"":""Metal Raiders"",""set_code"":""MRD-EN105"",""set_rarity"":""Common"",""set_rarity_code"":""(C)"",""set_price"":""0.00""},{""set_name"":""OTS Tournament Pack 16"",""set_code"":""OP16-EN014"",""set_rarity"":""Common"",""set_rarity_code"":""(C)"",""set_price"":""2.56""}]","[{""id"":89112729,""image_url"":""https://storage.googleapis.com/ygoprodeck.com/pics/89112729.jpg"",""image_url_small"":""https://storage.googleapis.com/ygoprodeck.com/pics_small/89112729.jpg""}]","[{""cardmarket_price"":""0.26"",""tcgplayer_price"":""0.59"",""ebay_price"":""8.99"",""amazon_price"":""1.00"",""coolstuffinc_price"":""0.99""}]",undefined
28593363,Deepsea Shark,Fusion Monster,"""Bottom Dweller"" + ""Tongyo""",1900,1600,5,Fish,WATER,"[{""set_name"":""Metal Raiders"",""set_code"":""MRD-038"",""set_rarity"":""Common"",""set_rarity_code"":""(C)"",""set_price"":""1.07""},{""set_name"":""Metal Raiders"",""set_code"":""MRD-E038"",""set_rarity"":""Common"",""set_rarity_code"":""(C)"",""set_price"":""5.04""},{""set_name"":""Metal Raiders"",""set_code"":""MRD-EN038"",""set_rarity"":""Common"",""set_rarity_code"":""(C)"",""set_price"":""12.87""}]","[{""id"":28593363,""image_url"":""https://storage.googleapis.com/ygoprodeck.com/pics/28593363.jpg"",""image_url_small"":""https://storage.googleapis.com/ygoprodeck.com/pics_small/28593363.jpg""}]","[{""cardmarket_price"":""0.23"",""tcgplayer_price"":""0.35"",""ebay_price"":""1.75"",""amazon_price"":""0.70"",""coolstuffinc_price"":""0.25""}]",undefined
15237615,Empress Judge,Fusion Monster,"""Queen's Double"" + ""Hibikime""",2100,1700,6,Warrior,EARTH,"[{""set_name"":""Metal Raiders"",""set_code"":""MRD-046"",""set_rarity"":""Common"",""set_rarity_code"":""(C)"",""set_price"":""1.24""},{""set_name"":""Metal Raiders"",""set_code"":""MRD-E046"",""set_rarity"":""Common"",""set_rarity_code"":""(C)"",""set_price"":""5.58""},{""set_name"":""Metal Raiders"",""set_code"":""MRD-EN046"",""set_rarity"":""Common"",""set_rarity_code"":""(C)"",""set_price"":""2.45""}]","[{""id"":15237615,""image_url"":""https://storage.googleapis.com/ygoprodeck.com/pics/15237615.jpg"",""image_url_small"":""https://storage.googleapis.com/ygoprodeck.com/pics_small/15237615.jpg""}]","[{""cardmarket_price"":""0.21"",""tcgplayer_price"":""0.53"",""ebay_price"":""1.95"",""amazon_price"":""0.99"",""coolstuffinc_price"":""0.79""}]",undefined
51828629,Giltia the D. Knight,Fusion Monster,"""Guardian of the Labyrinth"" + ""Protector of the Throne""",1850,1500,5,Warrior,LIGHT,"[{""set_name"":""Metal Raiders"",""set_code"":""MRD-094"",""set_rarity"":""Common"",""set_rarity_code"":""(C)"",""set_price"":""1.54""},{""set_name"":""Metal Raiders"",""set_code"":""MRD-E094"",""set_rarity"":""Common"",""set_rarity_code"":""(C)"",""set_price"":""6.97""},{""set_name"":""Metal Raiders"",""set_code"":""MRD-EN094"",""set_rarity"":""Common"",""set_rarity_code"":""(C)"",""set_price"":""4.95""}]","[{""id"":51828629,""image_url"":""https://storage.googleapis.com/ygoprodeck.com/pics/51828629.jpg"",""image_url_small"":""https://storage.googleapis.com/ygoprodeck.com/pics_small/51828629.jpg""}]","[{""cardmarket_price"":""0.58"",""tcgplayer_price"":""0.70"",""ebay_price"":""1.99"",""amazon_price"":""0.98"",""coolstuffinc_price"":""0.99""}]",undefined
9653271,Kaminari Attack,Fusion Monster,"""Ocubeam"" + ""Mega Thunderball""",1900,1400,5,Thunder,WIND,"[{""set_name"":""Metal Raiders"",""set_code"":""MRD-041"",""set_rarity"":""Common"",""set_rarity_code"":""(C)"",""set_price"":""1.24""},{""set_name"":""Metal Raiders"",""set_code"":""MRD-E041"",""set_rarity"":""Common"",""set_rarity_code"":""(C)"",""set_price"":""6.36""},{""set_name"":""Metal Raiders"",""set_code"":""MRD-EN041"",""set_rarity"":""Common"",""set_rarity_code"":""(C)"",""set_price"":""7.77""},{""set_name"":""OTS Tournament Pack 12"",""set_code"":""OP12-EN019"",""set_rarity"":""Common"",""set_rarity_code"":""(C)"",""set_price"":""1.27""},{""set_name"":""OTS Tournament Pack 12 (POR)"",""set_code"":""OP12-PT019"",""set_rarity"":""Common"",""set_rarity_code"":""(C)"",""set_price"":""0.00""}]","[{""id"":9653271,""image_url"":""https://storage.googleapis.com/ygoprodeck.com/pics/9653271.jpg"",""image_url_small"":""https://storage.googleapis.com/ygoprodeck.com/pics_small/9653271.jpg""}]","[{""cardmarket_price"":""0.18"",""tcgplayer_price"":""0.40"",""ebay_price"":""1.95"",""amazon_price"":""0.59"",""coolstuffinc_price"":""0.49""}]",undefined
99551425,Labyrinth Tank,Fusion Monster,"""Giga-Tech Wolf"" + ""Cannon Soldier""",2400,2400,7,Machine,DARK,"[{""set_name"":""Legendary Collection 4: Joey's World Mega Pack"",""set_code"":""LCJW-EN230"",""set_rarity"":""Common"",""set_rarity_code"":""(C)"",""set_price"":""1.46""},{""set_name"":""Metal Raiders"",""set_code"":""MRD-091"",""set_rarity"":""Common"",""set_rarity_code"":""(C)"",""set_price"":""1.12""},{""set_name"":""Metal Raiders"",""set_code"":""MRD-E091"",""set_rarity"":""Common"",""set_rarity_code"":""(C)"",""set_price"":""4.46""},{""set_name"":""Metal Raiders"",""set_code"":""MRD-EN091"",""set_rarity"":""Common"",""set_rarity_code"":""(C)"",""set_price"":""4.76""}]","[{""id"":99551425,""image_url"":""https://storage.googleapis.com/ygoprodeck.com/pics/99551425.jpg"",""image_url_small"":""https://storage.googleapis.com/ygoprodeck.com/pics_small/99551425.jpg""}]","[{""cardmarket_price"":""0.28"",""tcgplayer_price"":""0.31"",""ebay_price"":""7.99"",""amazon_price"":""0.55"",""coolstuffinc_price"":""0.39""}]",undefined
56907389,Musician King,Fusion Monster,"""Witch of the Black Forest"" + ""Lady of Faith""",1750,1500,5,Spellcaster,LIGHT,"[{""set_name"":""Metal Raiders"",""set_code"":""MRD-103"",""set_rarity"":""Common"",""set_rarity_code"":""(C)"",""set_price"":""1.07""},{""set_name"":""Metal Raiders"",""set_code"":""MRD-E103"",""set_rarity"":""Common"",""set_rarity_code"":""(C)"",""set_price"":""3.28""},{""set_name"":""Metal Raiders"",""set_code"":""MRD-EN103"",""set_rarity"":""Common"",""set_rarity_code"":""(C)"",""set_price"":""2.7""}]","[{""id"":56907389,""image_url"":""https://storage.googleapis.com/ygoprodeck.com/pics/56907389.jpg"",""image_url_small"":""https://storage.googleapis.com/ygoprodeck.com/pics_small/56907389.jpg""}]","[{""cardmarket_price"":""0.14"",""tcgplayer_price"":""0.39"",""ebay_price"":""1.50"",""amazon_price"":""0.55"",""coolstuffinc_price"":""0.25""}]",undefined
74703140,Punished Eagle,Fusion Monster,"""Blue-Winged Crown"" + ""Niwatori""",2100,1800,6,Winged Beast,WIND,"[{""set_name"":""Metal Raiders"",""set_code"":""MRD-100"",""set_rarity"":""Common"",""set_rarity_code"":""(C)"",""set_price"":""1.26""},{""set_name"":""Metal Raiders"",""set_code"":""MRD-E100"",""set_rarity"":""Common"",""set_rarity_code"":""(C)"",""set_price"":""3.24""},{""set_name"":""Metal Raiders"",""set_code"":""MRD-EN100"",""set_rarity"":""Common"",""set_rarity_code"":""(C)"",""set_price"":""3.45""}]","[{""id"":74703140,""image_url"":""https://storage.googleapis.com/ygoprodeck.com/pics/74703140.jpg"",""image_url_small"":""https://storage.googleapis.com/ygoprodeck.com/pics_small/74703140.jpg""}]","[{""cardmarket_price"":""0.22"",""tcgplayer_price"":""0.50"",""ebay_price"":""5.49"",""amazon_price"":""0.69"",""coolstuffinc_price"":""0.39""}]",undefined
94905343,Rabid Horseman,Fusion Monster,"""Battle Ox"" + ""Mystic Horseman""",2000,1700,6,Beast-Warrior,EARTH,"[{""set_name"":""Dark Beginning 2"",""set_code"":""DB2-EN049"",""set_rarity"":""Common"",""set_rarity_code"":""(C)"",""set_price"":""1.13""},{""set_name"":""Metal Raiders"",""set_code"":""MRD-077"",""set_rarity"":""Common"",""set_rarity_code"":""(C)"",""set_price"":""1.13""},{""set_name"":""Metal Raiders"",""set_code"":""MRD-E077"",""set_rarity"":""Common"",""set_rarity_code"":""(C)"",""set_price"":""7.13""},{""set_name"":""Metal Raiders"",""set_code"":""MRD-EN077"",""set_rarity"":""Common"",""set_rarity_code"":""(C)"",""set_price"":""0.00""},{""set_name"":""Speed Duel: Arena of Lost Souls"",""set_code"":""SBLS-EN011"",""set_rarity"":""Common"",""set_rarity_code"":""(C)"",""set_price"":""1.05""}]","[{""id"":94905343,""image_url"":""https://storage.googleapis.com/ygoprodeck.com/pics/94905343.jpg"",""image_url_small"":""https://storage.googleapis.com/ygoprodeck.com/pics_small/94905343.jpg""}]","[{""cardmarket_price"":""0.06"",""tcgplayer_price"":""0.15"",""ebay_price"":""2.99"",""amazon_price"":""0.25"",""coolstuffinc_price"":""0.25""}]",undefined
19066538,Roaring Ocean Snake,Fusion Monster,"""Mystic Lamp"" + ""Hyosube""",2100,1800,6,Aqua,WATER,"[{""set_name"":""Metal Raiders"",""set_code"":""MRD-020"",""set_rarity"":""Common"",""set_rarity_code"":""(C)"",""set_price"":""1.24""},{""set_name"":""Metal Raiders"",""set_code"":""MRD-E020"",""set_rarity"":""Common"",""set_rarity_code"":""(C)"",""set_price"":""2.58""},{""set_name"":""Metal Raiders"",""set_code"":""MRD-EN020"",""set_rarity"":""Common"",""set_rarity_code"":""(C)"",""set_price"":""4.76""}]","[{""id"":19066538,""image_url"":""https://storage.googleapis.com/ygoprodeck.com/pics/19066538.jpg"",""image_url_small"":""https://storage.googleapis.com/ygoprodeck.com/pics_small/19066538.jpg""}]","[{""cardmarket_price"":""0.35"",""tcgplayer_price"":""0.37"",""ebay_price"":""4.99"",""amazon_price"":""0.69"",""coolstuffinc_price"":""0.79""}]",undefined
2504891,Skull Knight,Fusion Monster,"""Tainted Wisdom"" + ""Ancient Brain""",2650,2250,7,Spellcaster,DARK,"[{""set_name"":""Metal Raiders"",""set_code"":""MRD-123"",""set_rarity"":""Common"",""set_rarity_code"":""(C)"",""set_price"":""1.25""},{""set_name"":""Metal Raiders"",""set_code"":""MRD-E123"",""set_rarity"":""Common"",""set_rarity_code"":""(C)"",""set_price"":""6.21""},{""set_name"":""Metal Raiders"",""set_code"":""MRD-EN123"",""set_rarity"":""Common"",""set_rarity_code"":""(C)"",""set_price"":""3.68""},{""set_name"":""Speed Duel: Trials of the Kingdom"",""set_code"":""SBTK-EN029"",""set_rarity"":""Common"",""set_rarity_code"":""(C)"",""set_price"":""1.17""}]","[{""id"":2504891,""image_url"":""https://storage.googleapis.com/ygoprodeck.com/pics/2504891.jpg"",""image_url_small"":""https://storage.googleapis.com/ygoprodeck.com/pics_small/2504891.jpg""}]","[{""cardmarket_price"":""0.09"",""tcgplayer_price"":""0.21"",""ebay_price"":""2.99"",""amazon_price"":""9.99"",""coolstuffinc_price"":""0.49""}]",undefined
41462083,Thousand Dragon,Fusion Monster,"""Time Wizard"" + ""Baby Dragon""",2400,2000,7,Dragon,WIND,"[{""set_name"":""Dark Beginning 2"",""set_code"":""DB2-EN045"",""set_rarity"":""Common"",""set_rarity_code"":""(C)"",""set_price"":""2.19""},{""set_name"":""Dark Legends"",""set_code"":""DLG1-EN050"",""set_rarity"":""Common"",""set_rarity_code"":""(C)"",""set_price"":""3.15""},{""set_name"":""Legendary Collection 4: Joey's World Mega Pack"",""set_code"":""LCJW-EN055"",""set_rarity"":""Common"",""set_rarity_code"":""(C)"",""set_price"":""5.38""},{""set_name"":""Metal Raiders"",""set_code"":""MRD-143"",""set_rarity"":""Secret Rare"",""set_rarity_code"":""(ScR)"",""set_price"":""11.6""},{""set_name"":""Metal Raiders"",""set_code"":""MRD-E143"",""set_rarity"":""Secret Rare"",""set_rarity_code"":""(ScR)"",""set_price"":""22.7""},{""set_name"":""Metal Raiders"",""set_code"":""MRD-EN143"",""set_rarity"":""Secret Rare"",""set_rarity_code"":""(ScR)"",""set_price"":""54.94""},{""set_name"":""Millennium Pack"",""set_code"":""MIL1-EN039"",""set_rarity"":""Rare"",""set_rarity_code"":""(R)"",""set_price"":""1.37""},{""set_name"":""Retro Pack"",""set_code"":""RP01-EN049"",""set_rarity"":""Common"",""set_rarity_code"":""(C)"",""set_price"":""6.43""},{""set_name"":""Speed Duel Starter Decks: Duelists of Tomorrow"",""set_code"":""SS02-ENB21"",""set_rarity"":""Common"",""set_rarity_code"":""(C)"",""set_price"":""2.85""},{""set_name"":""Starter Deck: Joey"",""set_code"":""SDJ-023"",""set_rarity"":""Common"",""set_rarity_code"":""(C)"",""set_price"":""1.23""}]","[{""id"":41462083,""image_url"":""https://storage.googleapis.com/ygoprodeck.com/pics/41462083.jpg"",""image_url_small"":""https://storage.googleapis.com/ygoprodeck.com/pics_small/41462083.jpg""},{""id"":41462084,""image_url"":""https://storage.googleapis.com/ygoprodeck.com/pics/41462084.jpg"",""image_url_small"":""https://storage.googleapis.com/ygoprodeck.com/pics_small/41462084.jpg""}]","[{""cardmarket_price"":""0.18"",""tcgplayer_price"":""0.38"",""ebay_price"":""3.95"",""amazon_price"":""1.20"",""coolstuffinc_price"":""0.39""}]",undefined
54752875,Twin-Headed Thunder Dragon,Fusion Monster,"""Thunder Dragon"" + ""Thunder Dragon""",2800,2100,7,Thunder,LIGHT,"[{""set_name"":""Dark Beginning 2"",""set_code"":""DB2-EN069"",""set_rarity"":""Common"",""set_rarity_code"":""(C)"",""set_price"":""4.05""},{""set_name"":""Dark Legends"",""set_code"":""DLG1-EN043"",""set_rarity"":""Common"",""set_rarity_code"":""(C)"",""set_price"":""3.44""},{""set_name"":""Metal Raiders"",""set_code"":""MRD-120"",""set_rarity"":""Super Rare"",""set_rarity_code"":""(SR)"",""set_price"":""6.38""},{""set_name"":""Metal Raiders"",""set_code"":""MRD-E120"",""set_rarity"":""Super Rare"",""set_rarity_code"":""(SR)"",""set_price"":""21.47""},{""set_name"":""Metal Raiders"",""set_code"":""MRD-EN120"",""set_rarity"":""Super Rare"",""set_rarity_code"":""(SR)"",""set_price"":""18.86""},{""set_name"":""Retro Pack"",""set_code"":""RP01-EN042"",""set_rarity"":""Common"",""set_rarity_code"":""(C)"",""set_price"":""6.29""}]","[{""id"":54752875,""image_url"":""https://storage.googleapis.com/ygoprodeck.com/pics/54752875.jpg"",""image_url_small"":""https://storage.googleapis.com/ygoprodeck.com/pics_small/54752875.jpg""}]","[{""cardmarket_price"":""0.77"",""tcgplayer_price"":""2.08"",""ebay_price"":""49.99"",""amazon_price"":""4.00"",""coolstuffinc_price"":""0.99""}]",Thunder Dragon
95144193,Kwagar Hercules,Fusion Monster,"""Kuwagata Î±"" + ""Hercules Beetle""",1900,1700,6,Insect,EARTH,"[{""set_name"":""Tournament Pack: 1st Season"",""set_code"":""TP1-003"",""set_rarity"":""Super Rare"",""set_rarity_code"":""(SR)"",""set_price"":""485.99""},{""set_name"":""Tournament Pack: 1st Season"",""set_code"":""TP1-E003"",""set_rarity"":""Super Rare"",""set_rarity_code"":""(SR)"",""set_price"":""0.00""},{""set_name"":""Tournament Pack: 3rd Season"",""set_code"":""TP3-007"",""set_rarity"":""Rare"",""set_rarity_code"":""(R)"",""set_price"":""107.95""}]","[{""id"":95144193,""image_url"":""https://storage.googleapis.com/ygoprodeck.com/pics/95144193.jpg"",""image_url_small"":""https://storage.googleapis.com/ygoprodeck.com/pics_small/95144193.jpg""}]","[{""cardmarket_price"":""18.29"",""tcgplayer_price"":""17.59"",""ebay_price"":""7.99"",""amazon_price"":""18.01"",""coolstuffinc_price"":""13.99""}]",undefined
56413937,Warrior of Tradition,Fusion Monster,"""Sonic Maid"" + ""Beautiful Headhuntress""",1900,1700,6,Warrior,EARTH,"[{""set_name"":""Tournament Pack: 2nd Season"",""set_code"":""TP2-014"",""set_rarity"":""Rare"",""set_rarity_code"":""(R)"",""set_price"":""167.35""}]","[{""id"":56413937,""image_url"":""https://storage.googleapis.com/ygoprodeck.com/pics/56413937.jpg"",""image_url_small"":""https://storage.googleapis.com/ygoprodeck.com/pics_small/56413937.jpg""}]","[{""cardmarket_price"":""145.50"",""tcgplayer_price"":""149.89"",""ebay_price"":""130.00"",""amazon_price"":""0.25"",""coolstuffinc_price"":""139.99""}]",undefined
63519819,Thousand-Eyes Restrict,Fusion Monster,"""Relinquished"" + ""Thousand-Eyes Idol""
Other monsters on the field cannot change their battle positions or attack. Once per turn: You can target 1 monster your opponent controls; equip that target to this card (max. 1). This card's ATK/DEF become equal to that equipped monster's. If this card would be destroyed by battle, destroy that equipped monster instead.",0,0,1,Spellcaster,DARK,"[{""set_name"":""Dark Beginning 1"",""set_code"":""DB1-EN195"",""set_rarity"":""Ultra Rare"",""set_rarity_code"":""(UR)"",""set_price"":""19.56""},{""set_name"":""Duelist League Series 1 participation cards"",""set_code"":""DL1-001"",""set_rarity"":""Super Rare"",""set_rarity_code"":""(SR)"",""set_price"":""9.62""},{""set_name"":""Duelist Pack: Rivals of the Pharaoh"",""set_code"":""DPRP-EN046"",""set_rarity"":""Rare"",""set_rarity_code"":""(R)"",""set_price"":""2.86""},{""set_name"":""Legendary Duelists: Ancient Millennium"",""set_code"":""LED2-EN005"",""set_rarity"":""Common"",""set_rarity_code"":""(C)"",""set_price"":""2.4""},{""set_name"":""Legendary Duelists: Season 1"",""set_code"":""LDS1-EN050"",""set_rarity"":""Common"",""set_rarity_code"":""(C)"",""set_price"":""2.26""},{""set_name"":""Master Collection Volume 1"",""set_code"":""MC1-EN004"",""set_rarity"":""Secret Rare"",""set_rarity_code"":""(ScR)"",""set_price"":""15.1""},{""set_name"":""Pharaoh's Servant"",""set_code"":""PSV-084"",""set_rarity"":""Ultra Rare"",""set_rarity_code"":""(UR)"",""set_price"":""15.04""},{""set_name"":""Pharaoh's Servant"",""set_code"":""PSV-E084"",""set_rarity"":""Ultra Rare"",""set_rarity_code"":""(UR)"",""set_price"":""32.32""},{""set_name"":""Pharaoh's Servant"",""set_code"":""PSV-EN084"",""set_rarity"":""Ultra Rare"",""set_rarity_code"":""(UR)"",""set_price"":""69.99""},{""set_name"":""Retro Pack 2"",""set_code"":""RP02-EN021"",""set_rarity"":""Ultra Rare"",""set_rarity_code"":""(UR)"",""set_price"":""50.34""},{""set_name"":""Speed Duel Starter Decks: Match of the Millennium"",""set_code"":""SS04-ENB30"",""set_rarity"":""Common"",""set_rarity_code"":""(C)"",""set_price"":""2.25""}]","[{""id"":63519819,""image_url"":""https://storage.googleapis.com/ygoprodeck.com/pics/63519819.jpg"",""image_url_small"":""https://storage.googleapis.com/ygoprodeck.com/pics_small/63519819.jpg""}]","[{""cardmarket_price"":""0.48"",""tcgplayer_price"":""1.03"",""ebay_price"":""1.90"",""amazon_price"":""12.54"",""coolstuffinc_price"":""0.99""}]",Eyes Restrict
5600127,Humanoid Worm Drake,Fusion Monster,"""Worm Drake"" + ""Humanoid Slime""",2200,2000,7,Aqua,WATER,"[{""set_name"":""Dark Beginning 1"",""set_code"":""DB1-EN209"",""set_rarity"":""Common"",""set_rarity_code"":""(C)"",""set_price"":""2.25""},{""set_name"":""Labyrinth of Nightmare"",""set_code"":""LON-005"",""set_rarity"":""Short Print"",""set_rarity_code"":""(SP)"",""set_price"":""2.93""},{""set_name"":""Labyrinth of Nightmare"",""set_code"":""LON-E005"",""set_rarity"":""Short Print"",""set_rarity_code"":""(SP)"",""set_price"":""5.29""},{""set_name"":""Labyrinth of Nightmare"",""set_code"":""LON-EN005"",""set_rarity"":""Short Print"",""set_rarity_code"":""(SP)"",""set_price"":""0.00""}]","[{""id"":5600127,""image_url"":""https://storage.googleapis.com/ygoprodeck.com/pics/5600127.jpg"",""image_url_small"":""https://storage.googleapis.com/ygoprodeck.com/pics_small/5600127.jpg""}]","[{""cardmarket_price"":""0.23"",""tcgplayer_price"":""0.90"",""ebay_price"":""2.00"",""amazon_price"":""3.47"",""coolstuffinc_price"":""0.79""}]",Slime
21175632,St. Joan,Fusion Monster,"""The Forgiving Maiden"" + ""Darklord Marie""",2800,2000,7,Fairy,LIGHT,"[{""set_name"":""Dark Beginning 1"",""set_code"":""DB1-EN240"",""set_rarity"":""Common"",""set_rarity_code"":""(C)"",""set_price"":""1.57""},{""set_name"":""Labyrinth of Nightmare"",""set_code"":""LON-045"",""set_rarity"":""Common"",""set_rarity_code"":""(C)"",""set_price"":""1.05""},{""set_name"":""Labyrinth of Nightmare"",""set_code"":""LON-E045"",""set_rarity"":""Common"",""set_rarity_code"":""(C)"",""set_price"":""7.91""},{""set_name"":""Labyrinth of Nightmare"",""set_code"":""LON-EN045"",""set_rarity"":""Common"",""set_rarity_code"":""(C)"",""set_price"":""2""}]","[{""id"":21175632,""image_url"":""https://storage.googleapis.com/ygoprodeck.com/pics/21175632.jpg"",""image_url_small"":""https://storage.googleapis.com/ygoprodeck.com/pics_small/21175632.jpg""}]","[{""cardmarket_price"":""0.20"",""tcgplayer_price"":""0.35"",""ebay_price"":""0.99"",""amazon_price"":""0.33"",""coolstuffinc_price"":""0.39""}]",undefined
86099788,The Last Warrior from Another Planet,Fusion Monster,"""Zombyra the Dark"" + ""Maryokutai""
If this card is Special Summoned: Destroy all other monsters you control. Neither player can Summon monsters.",2350,2300,7,Warrior,EARTH,"[{""set_name"":""Dark Beginning 2"",""set_code"":""DB2-EN012"",""set_rarity"":""Super Rare"",""set_rarity_code"":""(SR)"",""set_price"":""7.85""},{""set_name"":""Duel Overload"",""set_code"":""DUOV-EN076"",""set_rarity"":""Ultra Rare"",""set_rarity_code"":""(UR)"",""set_price"":""1.82""},{""set_name"":""Labyrinth of Nightmare"",""set_code"":""LON-077"",""set_rarity"":""Ultra Rare"",""set_rarity_code"":""(UR)"",""set_price"":""8.41""},{""set_name"":""Labyrinth of Nightmare"",""set_code"":""LON-E077"",""set_rarity"":""Ultra Rare"",""set_rarity_code"":""(UR)"",""set_price"":""40.85""},{""set_name"":""Labyrinth of Nightmare"",""set_code"":""LON-EN077"",""set_rarity"":""Ultra Rare"",""set_rarity_code"":""(UR)"",""set_price"":""36.43""}]","[{""id"":86099788,""image_url"":""https://storage.googleapis.com/ygoprodeck.com/pics/86099788.jpg"",""image_url_small"":""https://storage.googleapis.com/ygoprodeck.com/pics_small/86099788.jpg""}]","[{""cardmarket_price"":""0.24"",""tcgplayer_price"":""0.94"",""ebay_price"":""4.20"",""amazon_price"":""0.99"",""coolstuffinc_price"":""2.99""}]",undefined
80071763,Dark Balter the Terrible,Fusion Monster,"""Possessed Dark Soul"" + ""Frontier Wiseman""
A Fusion Summon of this monster can only be conducted with the above Fusion Material Monsters. When a Normal Spell Card is activated, negate the effect by paying 1000 Life Points. The effect of an Effect Monster that this monster destroys as a result of battle is negated.",2000,1200,5,Fiend,DARK,"[{""set_name"":""Dark Beginning 2"",""set_code"":""DB2-EN125"",""set_rarity"":""Rare"",""set_rarity_code"":""(R)"",""set_price"":""10.66""},{""set_name"":""Hobby League 3 participation card G"",""set_code"":""HL03-EN007"",""set_rarity"":""Ultra Parallel Rare"",""set_rarity_code"":""(UPR)"",""set_price"":""23.68""},{""set_name"":""Legacy of Darkness"",""set_code"":""LOD-002"",""set_rarity"":""Super Rare"",""set_rarity_code"":""(SR)"",""set_price"":""9.78""},{""set_name"":""Legacy of Darkness"",""set_code"":""LOD-EN002"",""set_rarity"":""Super Rare"",""set_rarity_code"":""(SR)"",""set_price"":""0.00""},{""set_name"":""Tournament Pack 6"",""set_code"":""TP6-EN010"",""set_rarity"":""Common"",""set_rarity_code"":""(C)"",""set_price"":""9.12""}]","[{""id"":80071763,""image_url"":""https://storage.googleapis.com/ygoprodeck.com/pics/80071763.jpg"",""image_url_small"":""https://storage.googleapis.com/ygoprodeck.com/pics_small/80071763.jpg""}]","[{""cardmarket_price"":""4.43"",""tcgplayer_price"":""7.32"",""ebay_price"":""6.50"",""amazon_price"":""13.01"",""coolstuffinc_price"":""3.99""}]",undefined
66235877,Fiend Skull Dragon,Fusion Monster,"""Cave Dragon"" + ""Lesser Fiend""
(This card is always treated as an ""Archfiend"" card.)
A Fusion Summon of this card can only be done with the above Fusion Material Monsters. Negate the effects of Flip Effect Monsters. Negate any Trap effects that target this card on the field, and if you do, destroy that Trap Card.",2000,1200,5,Dragon,WIND,"[{""set_name"":""Dark Beginning 2"",""set_code"":""DB2-EN154"",""set_rarity"":""Rare"",""set_rarity_code"":""(R)"",""set_price"":""3.57""},{""set_name"":""Legacy of Darkness"",""set_code"":""LOD-039"",""set_rarity"":""Super Rare"",""set_rarity_code"":""(SR)"",""set_price"":""8.49""},{""set_name"":""Legacy of Darkness"",""set_code"":""LOD-EN039"",""set_rarity"":""Super Rare"",""set_rarity_code"":""(SR)"",""set_price"":""0.00""},{""set_name"":""Legendary Collection 4: Joey's World Mega Pack"",""set_code"":""LCJW-EN240"",""set_rarity"":""Rare"",""set_rarity_code"":""(R)"",""set_price"":""1.57""},{""set_name"":""Tournament Pack 6"",""set_code"":""TP6-EN013"",""set_rarity"":""Common"",""set_rarity_code"":""(C)"",""set_price"":""3.2""}]","[{""id"":66235877,""image_url"":""https://storage.googleapis.com/ygoprodeck.com/pics/66235877.jpg"",""image_url_small"":""https://storage.googleapis.com/ygoprodeck.com/pics_small/66235877.jpg""}]","[{""cardmarket_price"":""0.54"",""tcgplayer_price"":""0.37"",""ebay_price"":""8.25"",""amazon_price"":""5.00"",""coolstuffinc_price"":""0.49""}]",Archfiend
49868263,Ryu Senshi,Fusion Monster,"""Warrior Dai Grepher"" + ""Spirit Ryu""
A Fusion Summon of this card can only be done with the above Fusion Materials. When a Normal Trap Card is activated (Quick Effect): You can pay 1000 LP; negate that effect. This card must be face-up on the field to activate and to resolve this effect. Negate the effects of any Spell Card that targets this card and destroy it.",2000,1200,6,Warrior,EARTH,"[{""set_name"":""Dark Beginning 2"",""set_code"":""DB2-EN139"",""set_rarity"":""Rare"",""set_rarity_code"":""(R)"",""set_price"":""8.72""},{""set_name"":""Legacy of Darkness"",""set_code"":""LOD-019"",""set_rarity"":""Super Rare"",""set_rarity_code"":""(SR)"",""set_price"":""6.99""},{""set_name"":""Legacy of Darkness"",""set_code"":""LOD-EN019"",""set_rarity"":""Super Rare"",""set_rarity_code"":""(SR)"",""set_price"":""0.00""},{""set_name"":""Speed Duel: Attack from the Deep"",""set_code"":""SBAD-EN040"",""set_rarity"":""Super Rare"",""set_rarity_code"":""(SR)"",""set_price"":""7.75""},{""set_name"":""Tournament Pack 6"",""set_code"":""TP6-EN011"",""set_rarity"":""Common"",""set_rarity_code"":""(C)"",""set_price"":""6.25""}]","[{""id"":49868263,""image_url"":""https://storage.googleapis.com/ygoprodeck.com/pics/49868263.jpg"",""image_url_small"":""https://storage.googleapis.com/ygoprodeck.com/pics_small/49868263.jpg""}]","[{""cardmarket_price"":""0.84"",""tcgplayer_price"":""3.92"",""ebay_price"":""2.95"",""amazon_price"":""5.95"",""coolstuffinc_price"":""4.99""}]",undefined
75923050,Super Robolady,Fusion Monster,"""Robolady"" + ""Roboyarou""
You can Special Summon ""Super Roboyarou"" by returning this card from the field to the Extra Deck. You cannot use this effect during the same turn this monster is Special Summoned. In addition, increase the ATK of this monster by 1000 points during the Damage Step when this monster inflicts Direct Damage to your opponent's Life Points.",1200,500,6,Machine,EARTH,"[{""set_name"":""Legacy of Darkness"",""set_code"":""LOD-073"",""set_rarity"":""Common"",""set_rarity_code"":""(C)"",""set_price"":""1.01""},{""set_name"":""Legacy of Darkness"",""set_code"":""LOD-EN073"",""set_rarity"":""Common"",""set_rarity_code"":""(C)"",""set_price"":""2.45""}]","[{""id"":75923050,""image_url"":""https://storage.googleapis.com/ygoprodeck.com/pics/75923050.jpg"",""image_url_small"":""https://storage.googleapis.com/ygoprodeck.com/pics_small/75923050.jpg""}]","[{""cardmarket_price"":""0.33"",""tcgplayer_price"":""0.22"",""ebay_price"":""4.99"",""amazon_price"":""0.25"",""coolstuffinc_price"":""0.25""}]",undefined
1412158,Super Roboyarou,Fusion Monster,"""Roboyarou"" + ""Robolady""
You can Special Summon ""Super Robolady"" by returning this card from the field to the Extra Deck. You cannot use this effect during the same turn this monster is Special Summoned. In addition, increase the ATK of this monster by 1000 points during the Damage Step when this monster battles with a monster.",1200,500,6,Machine,EARTH,"[{""set_name"":""Legacy of Darkness"",""set_code"":""LOD-074"",""set_rarity"":""Common"",""set_rarity_code"":""(C)"",""set_price"":""1.02""},{""set_name"":""Legacy of Darkness"",""set_code"":""LOD-EN074"",""set_rarity"":""Common"",""set_rarity_code"":""(C)"",""set_price"":""2.45""}]","[{""id"":1412158,""image_url"":""https://storage.googleapis.com/ygoprodeck.com/pics/1412158.jpg"",""image_url_small"":""https://storage.googleapis.com/ygoprodeck.com/pics_small/1412158.jpg""}]","[{""cardmarket_price"":""0.23"",""tcgplayer_price"":""0.21"",""ebay_price"":""2.99"",""amazon_price"":""0.20"",""coolstuffinc_price"":""0.25""}]",undefined
85684223,Reaper on the Nightmare,Fusion Monster,"""Spirit Reaper"" + ""Nightmare Horse""
This card is not destroyed as a result of battle. Destroy this card when it is targeted by the effect of a Spell, Trap, or Effect Monster. This card can attack your opponent's Life Points directly even if there is a monster on your opponent's side of the field. If this card successfully attacks your opponent's Life Points directly, your opponent discards 1 card randomly from his/her hand.",800,600,5,Zombie,DARK,"[{""set_name"":""Dark Revelation Volume 1"",""set_code"":""DR1-EN026"",""set_rarity"":""Rare"",""set_rarity_code"":""(R)"",""set_price"":""16.32""},{""set_name"":""Pharaonic Guardian"",""set_code"":""PGD-078"",""set_rarity"":""Super Rare"",""set_rarity_code"":""(SR)"",""set_price"":""11.98""}]","[{""id"":85684223,""image_url"":""https://storage.googleapis.com/ygoprodeck.com/pics/85684223.jpg"",""image_url_small"":""https://storage.googleapis.com/ygoprodeck.com/pics_small/85684223.jpg""}]","[{""cardmarket_price"":""4.88"",""tcgplayer_price"":""12.33"",""ebay_price"":""9.99"",""amazon_price"":""22.54"",""coolstuffinc_price"":""5.99""}]",undefined
91998119,XYZ-Dragon Cannon,Fusion Monster,"""X-Head Cannon"" + ""Y-Dragon Head"" + ""Z-Metal Tank""
Must first be Special Summoned (from your Extra Deck) by banishing the above cards you control. (You do not use ""Polymerization"".) Cannot be Special Summoned from the GY. You can discard 1 card, then target 1 card your opponent controls; destroy that target.",2800,2600,8,Machine,LIGHT,"[{""set_name"":""Collectible Tins 2003"",""set_code"":""BPT-010"",""set_rarity"":""Secret Rare"",""set_rarity_code"":""(ScR)"",""set_price"":""15.28""},{""set_name"":""Dark Revelation Volume 1"",""set_code"":""DR1-EN107"",""set_rarity"":""Ultra Rare"",""set_rarity_code"":""(UR)"",""set_price"":""26.23""},{""set_name"":""Duelist Pack: Chazz Princeton"",""set_code"":""DP2-EN014"",""set_rarity"":""Rare"",""set_rarity_code"":""(R)"",""set_price"":""1.11""},{""set_name"":""Duelist Pack: Kaiba"",""set_code"":""DPKB-EN025"",""set_rarity"":""Super Rare"",""set_rarity_code"":""(SR)"",""set_price"":""1.4""},{""set_name"":""Legendary Collection Kaiba Mega Pack"",""set_code"":""LCKC-EN061"",""set_rarity"":""Ultra Rare"",""set_rarity_code"":""(UR)"",""set_price"":""1.46""},{""set_name"":""Magician's Force"",""set_code"":""MFC-052"",""set_rarity"":""Ultra Rare"",""set_rarity_code"":""(UR)"",""set_price"":""26.27""},{""set_name"":""Millennium Pack"",""set_code"":""MIL1-EN040"",""set_rarity"":""Rare"",""set_rarity_code"":""(R)"",""set_price"":""1.09""},{""set_name"":""Speed Duel: Battle City Box"",""set_code"":""SBCB-EN084"",""set_rarity"":""Common"",""set_rarity_code"":""(C)"",""set_price"":""1.21""},{""set_name"":""Structure Deck: Seto Kaiba"",""set_code"":""SDKS-EN042"",""set_rarity"":""Common"",""set_rarity_code"":""(C)"",""set_price"":""1.07""}]","[{""id"":91998119,""image_url"":""https://storage.googleapis.com/ygoprodeck.com/pics/91998119.jpg"",""image_url_small"":""https://storage.googleapis.com/ygoprodeck.com/pics_small/91998119.jpg""},{""id"":91998120,""image_url"":""https://storage.googleapis.com/ygoprodeck.com/pics/91998120.jpg"",""image_url_small"":""https://storage.googleapis.com/ygoprodeck.com/pics_small/91998120.jpg""},{""id"":91998121,""image_url"":""https://storage.googleapis.com/ygoprodeck.com/pics/91998121.jpg"",""image_url_small"":""https://storage.googleapis.com/ygoprodeck.com/pics_small/91998121.jpg""}]","[{""cardmarket_price"":""0.11"",""tcgplayer_price"":""0.10"",""ebay_price"":""3.99"",""amazon_price"":""0.99"",""coolstuffinc_price"":""0.39""}]",ABC
98502113,Dark Paladin,Fusion Monster,"""Dark Magician"" + ""Buster Blader""
Must be Fusion Summoned. When a Spell Card is activated (Quick Effect): You can discard 1 card; negate the activation, and if you do, destroy it. This card must be face-up on the field to activate and to resolve this effect. Gains 500 ATK for each Dragon monster on the field and in the GY.",2900,2400,8,Spellcaster,DARK,"[{""set_name"":""Dark Revelation Volume 1"",""set_code"":""DR1-EN160"",""set_rarity"":""Ultra Rare"",""set_rarity_code"":""(UR)"",""set_price"":""49.54""},{""set_name"":""Duel Master's Guide promotional cards"",""set_code"":""DMG-001"",""set_rarity"":""Secret Rare"",""set_rarity_code"":""(ScR)"",""set_price"":""56.98""},{""set_name"":""Duel Terminal 3"",""set_code"":""DT03-EN034"",""set_rarity"":""Duel Terminal Rare Parallel Rare"",""set_rarity_code"":""(DRPR)"",""set_price"":""59.06""},{""set_name"":""Duelist Pack: Yugi"",""set_code"":""DPYG-EN016"",""set_rarity"":""Ultra Rare"",""set_rarity_code"":""(UR)"",""set_price"":""13.1""},{""set_name"":""Legendary Collection 3: Yugi's World Mega Pack"",""set_code"":""LCYW-EN048"",""set_rarity"":""Secret Rare"",""set_rarity_code"":""(ScR)"",""set_price"":""62.34""},{""set_name"":""Legendary Dragon Decks"",""set_code"":""LEDD-ENA34"",""set_rarity"":""Common"",""set_rarity_code"":""(C)"",""set_price"":""1.68""},{""set_name"":""Magician's Force"",""set_code"":""MFC-105"",""set_rarity"":""Ultra Rare"",""set_rarity_code"":""(UR)"",""set_price"":""63.34""},{""set_name"":""Millennium Pack"",""set_code"":""MIL1-EN041"",""set_rarity"":""Common"",""set_rarity_code"":""(C)"",""set_price"":""2.27""},{""set_name"":""Speed Duel: Battle City Box"",""set_code"":""SBCB-EN021"",""set_rarity"":""Common"",""set_rarity_code"":""(C)"",""set_price"":""1.53""},{""set_name"":""Speed Duel: Battle City Box"",""set_code"":""SBCB-EN021"",""set_rarity"":""Secret Rare"",""set_rarity_code"":""(ScR)"",""set_price"":""1.46""},{""set_name"":""Structure Deck: Yugi Muto"",""set_code"":""SDMY-EN043"",""set_rarity"":""Common"",""set_rarity_code"":""(C)"",""set_price"":""1.52""},{""set_name"":""Yugi's Legendary Decks"",""set_code"":""YGLD-ENC41"",""set_rarity"":""Common"",""set_rarity_code"":""(C)"",""set_price"":""1.39""}]","[{""id"":98502113,""image_url"":""https://storage.googleapis.com/ygoprodeck.com/pics/98502113.jpg"",""image_url_small"":""https://storage.googleapis.com/ygoprodeck.com/pics_small/98502113.jpg""},{""id"":98502114,""image_url"":""https://storage.googleapis.com/ygoprodeck.com/pics/98502114.jpg"",""image_url_small"":""https://storage.googleapis.com/ygoprodeck.com/pics_small/98502114.jpg""},{""id"":98502115,""image_url"":""https://storage.googleapis.com/ygoprodeck.com/pics/98502115.jpg"",""image_url_small"":""https://storage.googleapis.com/ygoprodeck.com/pics_small/98502115.jpg""}]","[{""cardmarket_price"":""0.18"",""tcgplayer_price"":""0.44"",""ebay_price"":""4.95"",""amazon_price"":""1.45"",""coolstuffinc_price"":""0.49""}]",Dark Magician
2111707,XY-Dragon Cannon,Fusion Monster,"""X-Head Cannon"" + ""Y-Dragon Head""
Must first be Special Summoned (from your Extra Deck) by banishing the above cards you control. (You do not use ""Polymerization"".) Cannot be Special Summoned from the Graveyard. You can discard 1 card, then target 1 face-up Spell/Trap Card your opponent controls; destroy that target.",2200,1900,6,Machine,LIGHT,"[{""set_name"":""Dark Revelation Volume 1"",""set_code"":""DR1-EN106"",""set_rarity"":""Rare"",""set_rarity_code"":""(R)"",""set_price"":""6.87""},{""set_name"":""Magician's Force"",""set_code"":""MFC-051"",""set_rarity"":""Ultra Rare"",""set_rarity_code"":""(UR)"",""set_price"":""22.5""},{""set_name"":""Speed Duel: Battle City Box"",""set_code"":""SBCB-EN083"",""set_rarity"":""Common"",""set_rarity_code"":""(C)"",""set_price"":""1.25""},{""set_name"":""Structure Deck: Seto Kaiba"",""set_code"":""SDKS-EN043"",""set_rarity"":""Common"",""set_rarity_code"":""(C)"",""set_price"":""3.61""}]","[{""id"":2111707,""image_url"":""https://storage.googleapis.com/ygoprodeck.com/pics/2111707.jpg"",""image_url_small"":""https://storage.googleapis.com/ygoprodeck.com/pics_small/2111707.jpg""}]","[{""cardmarket_price"":""0.11"",""tcgplayer_price"":""0.26"",""ebay_price"":""0.99"",""amazon_price"":""29.14"",""coolstuffinc_price"":""0.25""}]",ABC
99724761,XZ-Tank Cannon,Fusion Monster,"""X-Head Cannon"" + ""Z-Metal Tank""
Must first be Special Summoned (from your Extra Deck) by banishing the above cards you control. (You do not use ""Polymerization"".) Cannot be Special Summoned from the Graveyard. You can discard 1 card, then target 1 face-down Spell/Trap Card your opponent controls; destroy that target.",2400,2100,6,Machine,LIGHT,"[{""set_name"":""Dark Revelation Volume 1"",""set_code"":""DR1-EN108"",""set_rarity"":""Rare"",""set_rarity_code"":""(R)"",""set_price"":""7.8""},{""set_name"":""Magician's Force"",""set_code"":""MFC-053"",""set_rarity"":""Super Rare"",""set_rarity_code"":""(SR)"",""set_price"":""4.97""},{""set_name"":""Speed Duel: Battle City Box"",""set_code"":""SBCB-EN085"",""set_rarity"":""Common"",""set_rarity_code"":""(C)"",""set_price"":""1.39""},{""set_name"":""Structure Deck: Seto Kaiba"",""set_code"":""SDKS-EN044"",""set_rarity"":""Common"",""set_rarity_code"":""(C)"",""set_price"":""2.58""}]","[{""id"":99724761,""image_url"":""https://storage.googleapis.com/ygoprodeck.com/pics/99724761.jpg"",""image_url_small"":""https://storage.googleapis.com/ygoprodeck.com/pics_small/99724761.jpg""}]","[{""cardmarket_price"":""0.13"",""tcgplayer_price"":""0.34"",""ebay_price"":""0.99"",""amazon_price"":""5.49"",""coolstuffinc_price"":""0.49""}]",ABC
25119460,YZ-Tank Dragon,Fusion Monster,"""Y-Dragon Head"" + ""Z-Metal Tank""
Must first be Special Summoned (from your Extra Deck) by banishing the above cards you control. (You do not use ""Polymerization"".) Cannot be Special Summoned from the Graveyard. You can discard 1 card, then target 1 face-down monster your opponent controls; destroy that target.",2100,2200,6,Machine,LIGHT,"[{""set_name"":""Dark Revelation Volume 1"",""set_code"":""DR1-EN109"",""set_rarity"":""Rare"",""set_rarity_code"":""(R)"",""set_price"":""3.92""},{""set_name"":""Duelist Pack: Rivals of the Pharaoh"",""set_code"":""DPRP-EN027"",""set_rarity"":""Rare"",""set_rarity_code"":""(R)"",""set_price"":""1.27""},{""set_name"":""Magician's Force"",""set_code"":""MFC-054"",""set_rarity"":""Super Rare"",""set_rarity_code"":""(SR)"",""set_price"":""5.34""},{""set_name"":""Speed Duel: Battle City Box"",""set_code"":""SBCB-EN086"",""set_rarity"":""Common"",""set_rarity_code"":""(C)"",""set_price"":""1.33""}]","[{""id"":25119460,""image_url"":""https://storage.googleapis.com/ygoprodeck.com/pics/25119460.jpg"",""image_url_small"":""https://storage.googleapis.com/ygoprodeck.com/pics_small/25119460.jpg""}]","[{""cardmarket_price"":""0.13"",""tcgplayer_price"":""0.30"",""ebay_price"":""0.99"",""amazon_price"":""10.94"",""coolstuffinc_price"":""0.39""}]",ABC
13722870,Dark Flare Knight,Fusion Monster,"""Dark Magician"" + ""Flame Swordsman""
You take no Battle Damage from battles involving this card. When this card is destroyed by battle and sent to the Graveyard: Special Summon 1 ""Mirage Knight"" from your hand or Deck.",2200,800,6,Warrior,DARK,"[{""set_name"":""Dark Crisis"",""set_code"":""DCR-017"",""set_rarity"":""Super Rare"",""set_rarity_code"":""(SR)"",""set_price"":""6.68""},{""set_name"":""Dark Crisis"",""set_code"":""DCR-EN017"",""set_rarity"":""Super Rare"",""set_rarity_code"":""(SR)"",""set_price"":""0.00""},{""set_name"":""Dark Revelation Volume 1"",""set_code"":""DR1-EN179"",""set_rarity"":""Super Rare"",""set_rarity_code"":""(SR)"",""set_price"":""13.08""},{""set_name"":""Legendary Collection 3: Yugi's World Mega Pack"",""set_code"":""LCYW-EN049"",""set_rarity"":""Common"",""set_rarity_code"":""(C)"",""set_price"":""3.57""}]","[{""id"":13722870,""image_url"":""https://storage.googleapis.com/ygoprodeck.com/pics/13722870.jpg"",""image_url_small"":""https://storage.googleapis.com/ygoprodeck.com/pics_small/13722870.jpg""}]","[{""cardmarket_price"":""2.79"",""tcgplayer_price"":""1.24"",""ebay_price"":""7.95"",""amazon_price"":""20.14"",""coolstuffinc_price"":""2.99""}]",Dark Magician
27134689,Master of Oz,Fusion Monster,"""Big Koala"" + ""Des Kangaroo""",4200,3700,9,Beast,EARTH,"[{""set_name"":""Dark Revelation Volume 3"",""set_code"":""DR3-EN035"",""set_rarity"":""Rare"",""set_rarity_code"":""(R)"",""set_price"":""22.72""},{""set_name"":""Soul of the Duelist"",""set_code"":""SOD-EN035"",""set_rarity"":""Rare"",""set_rarity_code"":""(R)"",""set_price"":""8.97""},{""set_name"":""Soul of the Duelist"",""set_code"":""SOD-EN035"",""set_rarity"":""Ultimate Rare"",""set_rarity_code"":""(UtR)"",""set_price"":""12.1""}]","[{""id"":27134689,""image_url"":""https://storage.googleapis.com/ygoprodeck.com/pics/27134689.jpg"",""image_url_small"":""https://storage.googleapis.com/ygoprodeck.com/pics_small/27134689.jpg""}]","[{""cardmarket_price"":""3.11"",""tcgplayer_price"":""7.74"",""ebay_price"":""14.99"",""amazon_price"":""10.99"",""coolstuffinc_price"":""5.99""}]",Koala
90140980,Ojama King,Fusion Monster,"""Ojama Green"" + ""Ojama Yellow"" + ""Ojama Black""
Select up to 3 of your opponent's Monster Card Zones. The selected zones cannot be used.",0,3000,6,Beast,LIGHT,"[{""set_name"":""Dark Revelation Volume 3"",""set_code"":""DR3-EN034"",""set_rarity"":""Rare"",""set_rarity_code"":""(R)"",""set_price"":""10.99""},{""set_name"":""Duelist Pack: Chazz Princeton"",""set_code"":""DP2-EN015"",""set_rarity"":""Common"",""set_rarity_code"":""(C)"",""set_price"":""3.63""},{""set_name"":""Soul of the Duelist"",""set_code"":""SOD-EN034"",""set_rarity"":""Rare"",""set_rarity_code"":""(R)"",""set_price"":""5.82""},{""set_name"":""Soul of the Duelist"",""set_code"":""SOD-EN034"",""set_rarity"":""Ultimate Rare"",""set_rarity_code"":""(UtR)"",""set_price"":""5.99""}]","[{""id"":90140980,""image_url"":""https://storage.googleapis.com/ygoprodeck.com/pics/90140980.jpg"",""image_url_small"":""https://storage.googleapis.com/ygoprodeck.com/pics_small/90140980.jpg""}]","[{""cardmarket_price"":""0.68"",""tcgplayer_price"":""2.62"",""ebay_price"":""18.50"",""amazon_price"":""5.99"",""coolstuffinc_price"":""3.99""}]",Ojama
53539634,Sanwitch,Fusion Monster,"""Sangan"" + ""Witch of the Black Forest""",2100,1800,6,Spellcaster,DARK,"[{""set_name"":""Dark Revelation Volume 3"",""set_code"":""DR3-EN036"",""set_rarity"":""Common"",""set_rarity_code"":""(C)"",""set_price"":""17.31""},{""set_name"":""Soul of the Duelist"",""set_code"":""SOD-EN036"",""set_rarity"":""Common"",""set_rarity_code"":""(C)"",""set_price"":""2.65""}]","[{""id"":53539634,""image_url"":""https://storage.googleapis.com/ygoprodeck.com/pics/53539634.jpg"",""image_url_small"":""https://storage.googleapis.com/ygoprodeck.com/pics_small/53539634.jpg""}]","[{""cardmarket_price"":""0.23"",""tcgplayer_price"":""0.78"",""ebay_price"":""3.75"",""amazon_price"":""1.29"",""coolstuffinc_price"":""0.49""}]",undefined